dat;n;p;M_max;Q;Ovewflow penalty;Time;Obj;GAP;Overflow;Dist;Route Time;% Collected;Avg Visit;Route;Nodes
abs1n5,dat;4;8;1;136;50;0,24;4135,872;0,00%;5;3885,87;[[0], [2,43], [2,91], [0], [2,43], [2,56], [0], [0]];76,59%;2,75;[[], [[0, 3, 1, 2, 5, 0]], [[0, 3, 4, 2, 5, 0]], [], [[0, 3, 1, 2, 5, 0]], [[0, 3, 4, 5, 0]], [], []];46
abs1n5,dat;4;8;1;136;30;0,28;4035,872;0,00%;5;3885,87;[[0], [2,43], [2,91], [0], [2,43], [2,56], [0], [0]];76,59%;2,75;[[], [[0, 3, 1, 2, 5, 0]], [[0, 3, 4, 2, 5, 0]], [], [[0, 3, 1, 2, 5, 0]], [[0, 3, 4, 5, 0]], [], []];114
abs1n5,dat;4;8;1;136;10;0,28;3496,483;0,00%;73;2766,48;[[0], [2,43], [0], [3,51], [2,73], [0], [0], [0]];90,31%;2;[[], [[0, 3, 1, 2, 5, 0]], [], [[0, 3, 4, 5, 0]], [[0, 3, 1, 2, 5, 0]], [], [], []];103
abs1n5,dat;4;8;2;68;50;55,19;6191,648;0,00%;7;5841,65;[[2,53, 0], [0, 0], [1,74, 2,45], [2,41, 0], [1,74, 2,25], [2,46, 0], [0, 0], [0, 0]];70,21%;3;[[[0, 3, 4, 1, 5, 0]], [], [[0, 3, 1, 5, 0], [0, 2, 5, 0]], [[0, 4, 5, 0]], [[0, 3, 1, 5, 0], [0, 2, 5, 0]], [[0, 3, 4, 5, 0]], [], []];31755
abs1n5,dat;4;8;2;68;30;16,07;5886,421;0,00%;27;5076,42;[[0, 2,43], [0, 0], [2,41, 1,74], [2,4, 0], [1,74, 2,81], [0, 0], [0, 0], [0, 0]];68,86%;2,75;[[[0, 3, 1, 2, 5, 0]], [], [[0, 4, 5, 0], [0, 3, 1, 5, 0]], [[0, 2, 5, 0]], [[0, 3, 1, 5, 0], [0, 4, 2, 5, 0]], [], [], []];7243
abs1n5,dat;4;8;2;68;10;4,85;5080,87;0,00%;106;4020,87;[[2,53, 0], [0, 0], [2,45, 1,74], [0, 2,41], [1,74, 0], [0, 0], [0, 0], [0, 0]];72,13%;2,25;[[[0, 3, 4, 1, 5, 0]], [], [[0, 2, 5, 0], [0, 3, 1, 5, 0]], [[0, 4, 5, 0]], [[0, 3, 1, 5, 0]], [], [], []];1876
abs2n5,dat;4;8;1;113;50;0,27;3217,121;0,00%;3;3067,12;[[0], [3,14], [2,69], [0], [2,88], [1,96], [0], [0]];73,75%;2,5;[[], [[0, 3, 1, 2, 5, 0]], [[0, 3, 4, 2, 5, 0]], [], [[0, 1, 2, 5, 0]], [[0, 3, 4, 5, 0]], [], []];10
abs2n5,dat;4;8;1;113;30;0,38;3041,587;0,00%;10;2741,59;[[0], [2,88], [1,96], [0], [3,18], [1,96], [0], [0]];92,19%;2;[[], [[0, 1, 2, 5, 0]], [[0, 3, 4, 5, 0]], [], [[0, 1, 2, 5, 0]], [[0, 3, 4, 5, 0]], [], []];7
abs2n5,dat;4;8;1;113;10;0,25;2674,702;0,00%;53;2144,7;[[0], [2,69], [0], [3,48], [2,11], [0], [0], [0]];84,40%;1,75;[[], [[0, 3, 4, 2, 5, 0]], [], [[0, 1, 2, 5, 0]], [[0, 3, 4, 5, 0]], [], [], []];40
abs2n5,dat;4;8;2;57;50;5,58;4829,419;0,00%;5;4579,42;[[1,86, 0], [2,51, 0], [1,86, 2,38], [0, 2,51], [1,86, 2,88], [0, 0], [0, 0], [0, 0]];51,54%;3,25;[[[0, 3, 4, 5, 0]], [[0, 3, 2, 5, 0]], [[0, 3, 4, 5, 0], [0, 1, 5, 0]], [[0, 3, 2, 5, 0]], [[0, 3, 4, 5, 0], [0, 1, 2, 5, 0]], [], [], []];2618
abs2n5,dat;4;8;2;57;30;6,32;4729,419;0,00%;5;4579,42;[[0, 1,86], [0, 2,51], [2,38, 1,86], [2,51, 0], [1,86, 2,88], [0, 0], [0, 0], [0, 0]];51,54%;3,25;[[[0, 3, 4, 5, 0]], [[0, 3, 2, 5, 0]], [[0, 1, 5, 0], [0, 3, 4, 5, 0]], [[0, 3, 2, 5, 0]], [[0, 3, 4, 5, 0], [0, 1, 2, 5, 0]], [], [], []];3628
abs2n5,dat;4;8;2;57;10;2,44;4206,962;0,00%;48;3726,96;[[1,86, 0], [0, 2,51], [1,86, 0], [2,98, 2,51], [1,86, 0], [0, 0], [0, 0], [0, 0]];53,71%;2,75;[[[0, 3, 4, 5, 0]], [[0, 3, 2, 5, 0]], [[0, 3, 4, 5, 0]], [[0, 1, 5, 0], [0, 3, 2, 5, 0]], [[0, 3, 4, 5, 0]], [], [], []];1751
abs3n5,dat;4;8;1;200;50;0,03;5225,299;0,00%;17;4375,3;[[0], [3,46], [0], [3,21], [0], [3,56], [0], [0]];93,19%;3;[[], [[0, 3, 2, 1, 4, 5, 0]], [], [[0, 3, 2, 1, 4, 5, 0]], [], [[0, 3, 2, 1, 4, 5, 0]], [], []];1
abs3n5,dat;4;8;1;200;30;0,03;4885,299;0,00%;17;4375,3;[[0], [3,46], [0], [3,21], [0], [3,56], [0], [0]];93,19%;3;[[], [[0, 3, 2, 1, 4, 5, 0]], [], [[0, 3, 2, 1, 4, 5, 0]], [], [[0, 3, 2, 1, 4, 5, 0]], [], []];1
abs3n5,dat;4;8;1;200;10;0,05;4545,299;0,00%;17;4375,3;[[0], [3,46], [0], [3,21], [0], [3,56], [0], [0]];93,19%;3;[[], [[0, 3, 2, 1, 4, 5, 0]], [], [[0, 3, 2, 1, 4, 5, 0]], [], [[0, 3, 2, 1, 4, 5, 0]], [], []];1
abs3n5,dat;4;8;2;100;50;1,74;7656,229;0,00%;14;6956,23;[[2,2, 0], [0, 3,31], [0, 0], [2,0, 2,97], [0, 0], [3,22, 2,05], [0, 0], [0, 0]];79,88%;3,5;[[[0, 3, 2, 4, 5, 0]], [[0, 3, 2, 1, 5, 0]], [], [[0, 3, 2, 5, 0], [0, 1, 4, 5, 0]], [], [[0, 1, 4, 5, 0], [0, 3, 2, 5, 0]], [], []];1335
abs3n5,dat;4;8;2;100;30;2,26;7376,229;0,00%;14;6956,23;[[2,2, 0], [3,31, 0], [0, 0], [2,0, 2,97], [0, 0], [3,22, 2,05], [0, 0], [0, 0]];79,88%;3,5;[[[0, 3, 2, 4, 5, 0]], [[0, 3, 2, 1, 5, 0]], [], [[0, 3, 2, 5, 0], [0, 1, 4, 5, 0]], [], [[0, 1, 4, 5, 0], [0, 3, 2, 5, 0]], [], []];1737
abs3n5,dat;4;8;2;100;10;3,08;6554,292;0,00%;91;5644,29;[[2,2, 0], [3,24, 0], [0, 2,2], [0, 0], [3,82, 2,15], [0, 0], [0, 0], [0, 0]];71,41%;3,25;[[[0, 3, 2, 4, 5, 0]], [[0, 2, 1, 4, 5, 0]], [[0, 3, 2, 4, 5, 0]], [], [[0, 1, 4, 5, 0], [0, 3, 2, 5, 0]], [], [], []];2556
abs4n5,dat;4;8;1;178;50;0,13;4861,776;0,00%;11;4311,78;[[2,01], [2,97], [1,0], [3,22], [1,96], [3,07], [0], [0]];67,69%;4,5;[[[0, 3, 2, 1, 5, 0]], [[0, 3, 2, 1, 4, 5, 0]], [[0, 3, 5, 0]], [[0, 3, 2, 1, 4, 5, 0]], [[0, 2, 1, 5, 0]], [[0, 3, 2, 1, 4, 5, 0]], [], []];1
abs4n5,dat;4;8;1;178;30;0,26;4511,461;0,00%;21;3881,46;[[1,0], [3,12], [1,1], [3,12], [1,69], [3,17], [0], [0]];87,02%;3,5;[[[0, 3, 5, 0]], [[0, 2, 1, 4, 5, 0]], [[0, 3, 5, 0]], [[0, 2, 1, 4, 5, 0]], [[0, 3, 1, 5, 0]], [[0, 3, 2, 1, 4, 5, 0]], [], []];131
abs4n5,dat;4;8;1;178;10;0,28;3989,804;0,00%;62;3369,8;[[0], [3,12], [2,1], [3,22], [0], [3,32], [1,65], [0]];104,65%;3;[[], [[0, 2, 1, 4, 5, 0]], [[0, 3, 5, 0]], [[0, 3, 2, 1, 4, 5, 0]], [], [[0, 2, 1, 4, 5, 0]], [[0, 3, 5, 0]], []];179
abs4n5,dat;4;8;2;89;50;20,31;5960,275;0,00%;13;5310,28;[[0, 2,01], [0, 2,87], [0, 1,69], [2,71, 1,74], [0, 1,96], [2,61, 1,69], [0, 0], [0, 0]];71,67%;4,25;[[[0, 3, 2, 1, 5, 0]], [[0, 2, 4, 5, 0]], [[0, 3, 1, 5, 0]], [[0, 1, 4, 5, 0], [0, 3, 2, 5, 0]], [[0, 2, 1, 5, 0]], [[0, 1, 4, 5, 0], [0, 3, 2, 5, 0]], [], []];15827
abs4n5,dat;4;8;2;89;30;20,54;5652,896;0,00%;18;5112,9;[[0, 2,01], [2,87, 0], [0, 1,69], [2,39, 1,69], [1,84, 0], [2,61, 1,79], [0, 0], [0, 0]];81,22%;3,75;[[[0, 3, 2, 1, 5, 0]], [[0, 2, 4, 5, 0]], [[0, 3, 1, 5, 0]], [[0, 4, 5, 0], [0, 2, 5, 0]], [[0, 3, 1, 5, 0]], [[0, 1, 4, 5, 0], [0, 3, 2, 5, 0]], [], []];14229
abs4n5,dat;4;8;2;89;10;41,54;5292,896;0,00%;18;5112,9;[[0, 2,01], [0, 2,87], [1,69, 0], [1,69, 2,39], [0, 1,84], [1,79, 2,61], [0, 0], [0, 0]];81,22%;3,75;[[[0, 3, 2, 1, 5, 0]], [[0, 2, 4, 5, 0]], [[0, 3, 1, 5, 0]], [[0, 2, 5, 0], [0, 4, 5, 0]], [[0, 3, 1, 5, 0]], [[0, 3, 2, 5, 0], [0, 1, 4, 5, 0]], [], []];28608
abs5n5,dat;4;8;1;121;50;0,25;3255,72;0,00%;10;2755,72;[[0], [1,96], [2,75], [0], [1,96], [2,5], [0], [0]];75,76%;2,75;[[], [[0, 1, 4, 3, 5, 0]], [[0, 3, 4, 2, 5, 0]], [], [[0, 1, 4, 3, 5, 0]], [[0, 4, 2, 5, 0]], [], []];14
abs5n5,dat;4;8;1;121;30;0,25;3055,72;0,00%;10;2755,72;[[0], [1,96], [2,75], [0], [1,96], [2,5], [0], [0]];75,76%;2,75;[[], [[0, 1, 4, 3, 5, 0]], [[0, 3, 4, 2, 5, 0]], [], [[0, 1, 4, 3, 5, 0]], [[0, 4, 2, 5, 0]], [], []];64
abs5n5,dat;4;8;1;121;10;0,35;2855,72;0,00%;10;2755,72;[[0], [1,96], [2,75], [0], [1,96], [2,5], [0], [0]];75,76%;2,75;[[], [[0, 1, 4, 3, 5, 0]], [[0, 3, 4, 2, 5, 0]], [], [[0, 1, 4, 3, 5, 0]], [[0, 4, 2, 5, 0]], [], []];43
abs5n5,dat;4;8;2;61;50;4,96;4701,366;0,00%;1;4651,37;[[1,5, 0], [2,49, 0], [1,46, 2,54], [0, 1,5], [2,49, 1,7], [0, 0], [0, 1,41], [0, 0]];60,95%;3,5;[[[0, 3, 4, 5, 0]], [[0, 3, 2, 5, 0]], [[0, 4, 5, 0], [0, 1, 2, 5, 0]], [[0, 3, 4, 5, 0]], [[0, 3, 2, 5, 0], [0, 1, 4, 5, 0]], [], [[0, 4, 5, 0]], []];2655
abs5n5,dat;4;8;2;61;30;6;4681,367;0,00%;1;4651,37;[[0, 1,5], [0, 2,49], [2,54, 1,46], [0, 1,5], [1,7, 2,49], [0, 0], [0, 1,41], [0, 0]];60,95%;3,5;[[[0, 3, 4, 5, 0]], [[0, 3, 2, 5, 0]], [[0, 1, 2, 5, 0], [0, 4, 5, 0]], [[0, 3, 4, 5, 0]], [[0, 1, 4, 5, 0], [0, 3, 2, 5, 0]], [], [[0, 4, 5, 0]], []];2740
abs5n5,dat;4;8;2;61;10;3,99;4285,519;0,00%;84;3445,52;[[1,5, 0], [0, 2,49], [1,79, 1,46], [0, 2,54], [1,46, 0], [0, 0], [0, 0], [0, 0]];62,42%;2,5;[[[0, 3, 4, 5, 0]], [[0, 3, 2, 5, 0]], [[0, 1, 3, 5, 0], [0, 4, 5, 0]], [[0, 1, 2, 5, 0]], [[0, 4, 5, 0]], [], [], []];1563
abs1n10,dat;9;8;1;310;50;0,58;6116,146;0,00%;15;5366,15;[[0], [3,0], [3,0], [1,84], [3,38], [3,23], [0], [0]];77,96%;3,22;[[], [[0, 4, 9, 2, 1, 3, 6, 10, 0]], [[0, 4, 5, 8, 6, 7, 10, 0]], [[0, 9, 2, 1, 10, 0]], [[0, 4, 9, 2, 1, 3, 7, 6, 8, 10, 0]], [[0, 4, 5, 8, 6, 1, 2, 9, 10, 0]], [], []];211
abs1n10,dat;9;8;1;310;30;1,17;5816,146;0,00%;15;5366,15;[[0], [3,0], [3,0], [1,84], [3,38], [3,23], [0], [0]];77,96%;3,22;[[], [[0, 4, 9, 2, 1, 3, 6, 10, 0]], [[0, 4, 5, 8, 6, 7, 10, 0]], [[0, 9, 2, 1, 10, 0]], [[0, 4, 9, 2, 1, 3, 7, 6, 8, 10, 0]], [[0, 4, 5, 8, 6, 1, 2, 9, 10, 0]], [], []];578
abs1n10,dat;9;8;1;310;10;3,26;5099,282;0,00%;38;4719,28;[[0], [2,87], [3,66], [0], [3,1], [3,53], [0], [0]];81,73%;3,11;[[], [[0, 4, 9, 2, 1, 6, 10, 0]], [[0, 4, 5, 8, 6, 7, 3, 1, 2, 9, 10, 0]], [], [[0, 4, 9, 2, 1, 3, 6, 10, 0]], [[0, 4, 5, 8, 6, 7, 1, 2, 9, 10, 0]], [], []];651
abs1n10,dat;9;8;2;155;50;3600,01;7737,206;3,74%;11;7187,21;[[2,16, 0], [2,5, 0], [1,77, 2,44], [1,92, 0], [2,21, 2,44], [2,62, 0], [0,94, 0], [0, 0]];68,74%;3,67;[[[0, 4, 9, 2, 3, 1, 10, 0]], [[0, 2, 1, 7, 6, 10, 0]], [[0, 4, 9, 2, 10, 0], [0, 5, 8, 6, 10, 0]], [[0, 9, 2, 3, 1, 10, 0]], [[0, 4, 9, 2, 3, 1, 10, 0], [0, 5, 8, 6, 10, 0]], [[0, 9, 2, 1, 7, 6, 10, 0]], [[0, 4, 10, 0]], []];568179
abs1n10,dat;9;8;2;155;30;3600,01;7517,206;5,53%;11;7187,21;[[0, 2,16], [2,5, 0], [1,77, 2,44], [0, 1,92], [2,44, 2,21], [0, 2,62], [0,94, 0], [0, 0]];68,74%;3,67;[[[0, 4, 9, 2, 3, 1, 10, 0]], [[0, 2, 1, 7, 6, 10, 0]], [[0, 4, 9, 2, 10, 0], [0, 5, 8, 6, 10, 0]], [[0, 9, 2, 3, 1, 10, 0]], [[0, 5, 8, 6, 10, 0], [0, 4, 9, 2, 3, 1, 10, 0]], [[0, 9, 2, 1, 7, 6, 10, 0]], [[0, 4, 10, 0]], []];378889
abs1n10,dat;9;8;2;155;10;3600,02;6835,748;4,67%;110;5735,75;[[0, 0], [2,38, 2,09], [2,86, 0], [1,97, 1,14], [2,44, 0], [2,19, 1,04], [0, 0], [0, 0]];93,45%;2,44;[[], [[0, 4, 8, 6, 10, 0], [0, 9, 2, 1, 10, 0]], [[0, 5, 6, 7, 3, 10, 0]], [[0, 9, 2, 3, 1, 10, 0], [0, 4, 10, 0]], [[0, 5, 8, 6, 10, 0]], [[0, 9, 2, 1, 10, 0], [0, 4, 10, 0]], [], []];346142
abs2n10,dat;9;8;1;286;50;0,62;8598,722;0,00%;21;7548,72;[[0], [3,14], [2,91], [2,79], [2,99], [3,87], [0], [0]];83,55%;3;[[], [[0, 3, 7, 5, 8, 9, 6, 10, 0]], [[0, 1, 2, 4, 10, 0]], [[0, 3, 5, 8, 9, 6, 10, 0]], [[0, 1, 7, 5, 8, 9, 6, 10, 0]], [[0, 2, 4, 3, 5, 8, 9, 6, 10, 0]], [], []];134
abs2n10,dat;9;8;1;286;30;0,92;8147,165;0,00%;27;7337,16;[[0], [3,14], [2,91], [2,84], [3,3], [3,29], [0], [0]];83,80%;3;[[], [[0, 3, 7, 5, 8, 9, 6, 10, 0]], [[0, 1, 2, 4, 10, 0]], [[0, 1, 3, 5, 8, 9, 6, 10, 0]], [[0, 2, 4, 8, 9, 6, 10, 0]], [[0, 1, 3, 7, 5, 8, 9, 6, 10, 0]], [], []];276
abs2n10,dat;9;8;1;286;10;1,28;7405,536;0,00%;149;5915,54;[[0], [3,14], [2,91], [3,55], [0], [3,69], [0], [0]];91,82%;2,44;[[], [[0, 3, 7, 5, 8, 9, 6, 10, 0]], [[0, 1, 2, 4, 10, 0]], [[0, 2, 1, 3, 7, 5, 8, 9, 6, 10, 0]], [], [[0, 3, 5, 8, 9, 6, 10, 0]], [], []];582
abs2n10,dat;9;8;2;143;50;1110,62;11539,661;0,00%;22;10439,66;[[0, 0], [2,62, 2,22], [2,67, 2,8], [2,79, 0], [2,84, 2,8], [0, 2,79], [0, 0], [0, 0]];68,52%;3,56;[[], [[0, 5, 8, 9, 10, 0], [0, 1, 3, 6, 10, 0]], [[0, 2, 4, 10, 0], [0, 7, 5, 8, 9, 6, 10, 0]], [[0, 3, 5, 8, 9, 6, 10, 0]], [[0, 1, 3, 2, 4, 10, 0], [0, 7, 5, 8, 9, 6, 10, 0]], [[0, 3, 5, 8, 9, 6, 10, 0]], [], []];265983
abs2n10,dat;9;8;2;143;30;239,93;11099,661;0,00%;22;10439,66;[[0, 0], [2,22, 2,62], [2,8, 2,67], [2,79, 0], [2,8, 2,84], [2,79, 0], [0, 0], [0, 0]];68,52%;3,56;[[], [[0, 1, 3, 6, 10, 0], [0, 5, 8, 9, 10, 0]], [[0, 7, 5, 8, 9, 6, 10, 0], [0, 2, 4, 10, 0]], [[0, 3, 5, 8, 9, 6, 10, 0]], [[0, 7, 5, 8, 9, 6, 10, 0], [0, 1, 3, 2, 4, 10, 0]], [[0, 3, 5, 8, 9, 6, 10, 0]], [], []];56313
abs2n10,dat;9;8;2;143;10;873,65;10353,305;0,00%;141;8943,3;[[0, 0], [2,58, 2,62], [0, 2,47], [2,73, 3,71], [2,73, 0], [0, 2,81], [0, 0], [0, 0]];77,15%;2,89;[[], [[0, 2, 3, 6, 10, 0], [0, 5, 8, 9, 10, 0]], [[0, 1, 3, 8, 9, 6, 10, 0]], [[0, 7, 5, 8, 9, 10, 0], [0, 1, 2, 4, 10, 0]], [[0, 3, 5, 9, 6, 10, 0]], [[0, 3, 8, 9, 6, 10, 0]], [], []];195537
abs3n10,dat;9;8;1;317;50;0,43;5915,518;0,00%;11;5365,52;[[0], [3,23], [1,66], [2,22], [3,48], [2,7], [0], [0]];78,09%;3;[[], [[0, 8, 7, 2, 6, 3, 5, 4, 10, 0]], [[0, 1, 9, 10, 0]], [[0, 8, 2, 6, 5, 4, 10, 0]], [[0, 1, 8, 2, 6, 5, 3, 9, 10, 0]], [[0, 8, 7, 2, 6, 5, 4, 10, 0]], [], []];54
abs3n10,dat;9;8;1;317;30;0,59;5689,444;0,00%;15;5239,44;[[0], [3,23], [1,66], [2,22], [3,69], [2,37], [0], [0]];80,03%;2,89;[[], [[0, 8, 7, 2, 6, 3, 5, 4, 10, 0]], [[0, 1, 9, 10, 0]], [[0, 8, 2, 6, 5, 4, 10, 0]], [[0, 1, 8, 7, 2, 6, 3, 9, 10, 0]], [[0, 8, 2, 6, 5, 4, 10, 0]], [], []];134
abs3n10,dat;9;8;1;317;10;1,19;4913,769;0,00%;91;4003,77;[[0], [2,89], [0], [3,16], [3,4], [3,0], [0], [0]];94,58%;2,44;[[], [[0, 8, 7, 2, 6, 5, 4, 9, 10, 0]], [], [[0, 8, 2, 6, 3, 5, 4, 10, 0]], [[0, 1, 4, 9, 10, 0]], [[0, 8, 7, 2, 6, 5, 4, 10, 0]], [], []];516
abs3n10,dat;9;8;2;159;50;258,96;7189,968;0,00%;12;6589,97;[[0, 0], [3,02, 2,09], [0, 1,87], [2,01, 0], [2,1, 2,95], [2,17, 0], [0, 0], [0, 0]];74,32%;3,11;[[], [[0, 1, 7, 8, 5, 10, 0], [0, 2, 6, 3, 10, 0]], [[0, 5, 6, 4, 9, 10, 0]], [[0, 8, 2, 5, 4, 10, 0]], [[0, 5, 2, 6, 3, 10, 0], [0, 8, 7, 1, 9, 10, 0]], [[0, 8, 2, 6, 5, 4, 10, 0]], [], []];60554
abs3n10,dat;9;8;2;159;30;626,13;6949,968;0,00%;12;6589,97;[[0, 0], [2,09, 3,02], [1,87, 0], [2,01, 0], [2,1, 2,95], [2,17, 0], [0, 0], [0, 0]];74,32%;3,11;[[], [[0, 2, 6, 3, 10, 0], [0, 1, 7, 8, 5, 10, 0]], [[0, 5, 6, 4, 9, 10, 0]], [[0, 8, 2, 5, 4, 10, 0]], [[0, 5, 2, 6, 3, 10, 0], [0, 8, 7, 1, 9, 10, 0]], [[0, 8, 2, 6, 5, 4, 10, 0]], [], []];111363
abs3n10,dat;9;8;2;159;10;255,71;6271,673;0,00%;70;5571,67;[[0, 0], [1,67, 2,09], [1,98, 0], [3,79, 0], [2,19, 1,25], [2,12, 0], [0, 0], [0, 0]];82,64%;2,67;[[], [[0, 8, 5, 4, 10, 0], [0, 2, 6, 3, 10, 0]], [[0, 2, 6, 5, 4, 9, 10, 0]], [[0, 8, 7, 1, 10, 0]], [[0, 2, 6, 3, 10, 0], [0, 5, 4, 9, 10, 0]], [[0, 8, 2, 6, 5, 10, 0]], [], []];30333
abs4n10,dat;9;8;1;290;50;1,38;8744,377;0,00%;18;7844,38;[[2,5], [2,22], [3,14], [2,17], [3,36], [4,0], [0], [0]];79,78%;3,33;[[[0, 7, 1, 3, 10, 0]], [[0, 6, 4, 2, 10, 0]], [[0, 9, 7, 5, 1, 3, 8, 4, 10, 0]], [[0, 6, 4, 2, 10, 0]], [[0, 9, 6, 7, 1, 3, 8, 10, 0]], [[0, 6, 7, 5, 1, 3, 8, 4, 2, 10, 0]], [], []];678
abs4n10,dat;9;8;1;290;30;1,03;8318,879;0,00%;26;7538,88;[[2,12], [3,22], [2,37], [2,72], [3,02], [3,88], [0], [0]];75,81%;3,56;[[[0, 6, 4, 2, 10, 0]], [[0, 9, 7, 5, 1, 3, 8, 10, 0]], [[0, 6, 4, 2, 10, 0]], [[0, 9, 7, 5, 1, 3, 8, 10, 0]], [[0, 6, 1, 8, 4, 2, 10, 0]], [[0, 9, 7, 5, 1, 3, 8, 6, 4, 2, 10, 0]], [], []];430
abs4n10,dat;9;8;1;290;10;1,18;7035,766;0,00%;129;5745,77;[[0], [3,44], [3,35], [2,37], [3,57], [2,32], [0], [0]];98,64%;2,44;[[], [[0, 6, 1, 3, 4, 2, 10, 0]], [[0, 9, 7, 5, 1, 8, 10, 0]], [[0, 6, 4, 2, 10, 0]], [[0, 9, 7, 5, 1, 3, 8, 10, 0]], [[0, 6, 4, 2, 10, 0]], [], []];410
abs4n10,dat;9;8;2;145;50;1908,32;10739,518;0,00%;15;9989,52;[[0, 3,04], [2,13, 0], [2,65, 2,08], [2,97, 0], [2,28, 1,81], [2,22, 2,67], [0, 0], [0, 0]];70,39%;3,78;[[[0, 9, 7, 5, 1, 3, 8, 4, 10, 0]], [[0, 6, 2, 10, 0]], [[0, 9, 7, 1, 3, 10, 0], [0, 6, 4, 8, 10, 0]], [[0, 7, 5, 1, 2, 10, 0]], [[0, 9, 1, 3, 8, 10, 0], [0, 6, 4, 10, 0]], [[0, 6, 4, 2, 10, 0], [0, 7, 5, 1, 3, 8, 10, 0]], [], []];358629
abs4n10,dat;9;8;2;145;30;3600,01;10439,518;1,05%;15;9989,52;[[0, 3,04], [2,13, 0], [2,65, 2,08], [2,97, 0], [2,28, 1,81], [2,67, 2,22], [0, 0], [0, 0]];70,39%;3,78;[[[0, 9, 7, 5, 1, 3, 8, 4, 10, 0]], [[0, 6, 2, 10, 0]], [[0, 9, 7, 1, 3, 10, 0], [0, 6, 4, 8, 10, 0]], [[0, 7, 5, 1, 2, 10, 0]], [[0, 9, 1, 3, 8, 10, 0], [0, 6, 4, 10, 0]], [[0, 7, 5, 1, 3, 8, 10, 0], [0, 6, 4, 2, 10, 0]], [], []];579027
abs4n10,dat;9;8;2;145;10;3600;9604,893;1,59%;129;8314,89;[[0, 0], [2,17, 2,59], [2,55, 1,9], [2,46, 0], [2,7, 2,03], [2,22, 0], [0, 0], [0, 0]];85,10%;2,78;[[], [[0, 4, 2, 10, 0], [0, 6, 1, 3, 10, 0]], [[0, 7, 5, 1, 3, 10, 0], [0, 9, 6, 8, 10, 0]], [[0, 9, 4, 2, 10, 0]], [[0, 7, 5, 1, 3, 10, 0], [0, 6, 4, 8, 10, 0]], [[0, 6, 4, 2, 10, 0]], [], []];474360
abs5n10,dat;9;8;1;311;50;2,38;6668,802;0,00%;16;5868,8;[[1,64], [3,01], [2,06], [3,21], [2,82], [3,94], [0], [0]];75,29%;3,22;[[[0, 2, 7, 10, 0]], [[0, 8, 6, 5, 4, 1, 3, 10, 0]], [[0, 2, 9, 7, 10, 0]], [[0, 8, 6, 5, 4, 1, 3, 10, 0]], [[0, 6, 8, 9, 7, 10, 0]], [[0, 8, 6, 5, 4, 1, 3, 2, 7, 10, 0]], [], []];827
abs5n10,dat;9;8;1;311;30;1,14;6255,625;0,00%;24;5535,63;[[0], [3,85], [2,26], [3,21], [2,82], [3,94], [0], [0]];77,98%;3,11;[[], [[0, 8, 6, 5, 4, 1, 3, 7, 10, 0]], [[0, 2, 9, 7, 10, 0]], [[0, 8, 6, 5, 4, 1, 3, 10, 0]], [[0, 6, 8, 9, 7, 10, 0]], [[0, 8, 6, 5, 4, 1, 3, 2, 7, 10, 0]], [], []];392
abs5n10,dat;9;8;1;311;10;1,45;5438,542;0,00%;74;4698,54;[[0], [3,01], [3,21], [3,21], [2,06], [3,41], [0], [0]];87,92%;2,67;[[], [[0, 8, 6, 5, 4, 1, 3, 10, 0]], [[0, 2, 9, 7, 10, 0]], [[0, 8, 6, 5, 4, 1, 3, 10, 0]], [[0, 2, 9, 7, 10, 0]], [[0, 8, 6, 5, 4, 1, 3, 10, 0]], [], []];389
abs5n10,dat;9;8;2;156;50;1480,1;8000,122;0,00%;11;7450,12;[[2,24, 0], [0, 2,8], [2,29, 2,06], [2,38, 0], [2,82, 2,29], [0, 3,54], [0, 0], [0, 0]];74,29%;3,11;[[[0, 8, 2, 7, 10, 0]], [[0, 8, 6, 4, 10, 0]], [[0, 5, 4, 1, 3, 10, 0], [0, 2, 9, 7, 10, 0]], [[0, 6, 8, 10, 0]], [[0, 6, 8, 9, 7, 10, 0], [0, 2, 3, 4, 1, 10, 0]], [[0, 8, 6, 5, 4, 7, 10, 0]], [], []];240351
abs5n10,dat;9;8;2;156;30;3600;7734,61;0,44%;25;6984,61;[[0, 0], [2,47, 2,9], [2,29, 0], [2,63, 0], [2,5, 3,23], [0, 3,54], [0, 0], [0, 0]];80,00%;2,89;[[], [[0, 8, 9, 7, 10, 0], [0, 2, 6, 4, 10, 0]], [[0, 5, 4, 1, 3, 10, 0]], [[0, 6, 8, 7, 10, 0]], [[0, 2, 4, 1, 10, 0], [0, 6, 8, 9, 7, 3, 10, 0]], [[0, 8, 6, 5, 4, 7, 10, 0]], [], []];486978
abs5n10,dat;9;8;2;156;10;543,9;6916,052;0,00%;73;6186,05;[[0, 0], [2,9, 2,47], [2,29, 0], [0, 2,63], [2,36, 2,29], [0, 2,93], [0, 0], [0, 0]];86,88%;2,56;[[], [[0, 2, 6, 4, 10, 0], [0, 8, 9, 7, 10, 0]], [[0, 5, 4, 1, 3, 10, 0]], [[0, 6, 8, 7, 10, 0]], [[0, 2, 9, 7, 10, 0], [0, 5, 4, 1, 3, 10, 0]], [[0, 6, 8, 7, 10, 0]], [], []];69992
abs1n15,dat;14;8;1;469;50;3,21;8853,239;0,00%;23;7703,24;[[2,18], [3,63], [2,64], [2,61], [3,37], [3,72], [0], [0]];73,56%;3,43;[[[0, 7, 11, 1, 14, 12, 15, 0]], [[0, 7, 6, 9, 8, 3, 2, 4, 14, 12, 13, 15, 0]], [[0, 5, 11, 1, 4, 14, 10, 12, 13, 15, 0]], [[0, 7, 2, 8, 9, 6, 15, 0]], [[0, 8, 3, 2, 1, 4, 14, 10, 12, 13, 15, 0]], [[0, 5, 8, 9, 6, 7, 11, 1, 4, 14, 12, 13, 15, 0]], [], []];662
abs1n15,dat;14;8;1;469;30;5,33;8345,257;0,00%;32;7385,26;[[2,41], [2,7], [3,17], [2,38], [3,37], [3,72], [0], [0]];75,12%;3,36;[[[0, 7, 11, 1, 4, 14, 12, 13, 15, 0]], [[0, 5, 2, 3, 8, 9, 6, 15, 0]], [[0, 7, 11, 2, 1, 4, 14, 10, 12, 13, 15, 0]], [[0, 7, 5, 8, 9, 6, 15, 0]], [[0, 8, 3, 2, 1, 4, 14, 10, 12, 13, 15, 0]], [[0, 5, 8, 9, 6, 7, 11, 1, 4, 14, 12, 13, 15, 0]], [], []];772
abs1n15,dat;14;8;1;469;10;6,6;7201,999;0,00%;134;5862;[[0], [3,65], [2,95], [3,03], [2,46], [3,63], [0], [0]];92,27%;2,64;[[], [[0, 7, 8, 11, 1, 4, 14, 10, 12, 13, 15, 0]], [[0, 5, 2, 3, 8, 9, 6, 15, 0]], [[0, 7, 11, 1, 4, 14, 10, 12, 13, 15, 0]], [[0, 5, 8, 9, 6, 15, 0]], [[0, 7, 5, 8, 3, 2, 1, 4, 14, 12, 13, 15, 0]], [], []];710
abs1n15,dat;14;8;2;235;50;1284,81;10126,758;0,00%;10;9626,76;[[0, 3,03], [2,55, 0], [2,36, 2,47], [0, 3,01], [2,87, 2,53], [3,3, 0], [0, 0], [0, 0]];63,06%;3,93;[[[0, 9, 7, 11, 1, 4, 14, 12, 13, 15, 0]], [[0, 8, 3, 2, 4, 14, 12, 15, 0]], [[0, 7, 11, 5, 9, 6, 15, 0], [0, 1, 4, 14, 10, 12, 13, 15, 0]], [[0, 9, 8, 2, 4, 1, 12, 13, 15, 0]], [[0, 7, 5, 2, 3, 8, 9, 6, 15, 0], [0, 11, 1, 4, 14, 10, 12, 13, 15, 0]], [[0, 5, 8, 9, 7, 1, 4, 14, 12, 13, 15, 0]], [], []];127142
abs1n15,dat;14;8;2;235;30;3600;9826,7;0,91%;23;9136,7;[[2,18, 0], [2,7, 2,41], [0, 2,7], [0, 2,94], [2,52, 2,61], [0, 3,24], [0, 0], [0, 0]];63,67%;3,86;[[[0, 7, 11, 1, 14, 12, 15, 0]], [[0, 5, 2, 3, 8, 9, 6, 15, 0], [0, 7, 11, 1, 4, 14, 12, 13, 15, 0]], [[0, 7, 11, 2, 4, 14, 10, 12, 13, 15, 0]], [[0, 5, 8, 9, 7, 1, 12, 13, 15, 0]], [[0, 1, 4, 14, 10, 12, 13, 15, 0], [0, 5, 8, 3, 2, 11, 7, 6, 15, 0]], [[0, 8, 9, 7, 1, 4, 14, 12, 13, 15, 0]], [], []];354525
abs1n15,dat;14;8;2;235;10;3600,01;9150,743;3,50%;87;8280,74;[[0, 0], [2,33, 2,97], [2,77, 0], [2,26, 3,56], [0, 2,67], [2,78, 2,72], [0, 0], [0, 0]];90,53%;2,79;[[], [[0, 4, 14, 12, 13, 15, 0], [0, 7, 9, 8, 11, 1, 15, 0]], [[0, 3, 2, 4, 10, 14, 15, 0]], [[0, 7, 11, 1, 12, 13, 15, 0], [0, 5, 8, 9, 6, 15, 0]], [[0, 3, 2, 4, 10, 14, 15, 0]], [[0, 7, 5, 8, 9, 6, 15, 0], [0, 11, 1, 4, 14, 12, 13, 15, 0]], [], []];252023
abs2n15,dat;14;8;1;439;50;1,96;8101,773;0,00%;26;6801,77;[[2,15], [2,49], [3,05], [2,2], [3,17], [3,29], [0], [0]];78,80%;3,07;[[[0, 3, 4, 1, 2, 14, 15, 0]], [[0, 7, 11, 12, 13, 10, 14, 15, 0]], [[0, 5, 3, 4, 9, 8, 1, 6, 2, 15, 0]], [[0, 11, 12, 13, 10, 14, 15, 0]], [[0, 7, 3, 4, 9, 8, 1, 6, 2, 14, 15, 0]], [[0, 5, 11, 12, 13, 10, 14, 3, 4, 8, 1, 15, 0]], [], []];391
abs2n15,dat;14;8;1;439;30;5,5;7581,773;0,00%;26;6801,77;[[2,15], [2,49], [3,05], [2,2], [3,17], [3,29], [0], [0]];78,80%;3,07;[[[0, 3, 4, 1, 2, 14, 15, 0]], [[0, 7, 11, 12, 13, 10, 14, 15, 0]], [[0, 5, 3, 4, 9, 8, 1, 6, 2, 15, 0]], [[0, 11, 12, 13, 10, 14, 15, 0]], [[0, 7, 3, 4, 9, 8, 1, 6, 2, 14, 15, 0]], [[0, 5, 11, 12, 13, 10, 14, 3, 4, 8, 1, 15, 0]], [], []];774
abs2n15,dat;14;8;1;439;10;8,22;6798,317;0,00%;53;6268,32;[[0], [3,51], [3,85], [2,2], [3,17], [3,29], [0], [0]];82,64%;2,93;[[], [[0, 7, 11, 12, 13, 10, 14, 3, 4, 2, 15, 0]], [[0, 5, 3, 4, 9, 8, 1, 6, 2, 15, 0]], [[0, 11, 12, 13, 10, 14, 15, 0]], [[0, 7, 3, 4, 9, 8, 1, 6, 2, 14, 15, 0]], [[0, 5, 11, 12, 13, 10, 14, 3, 4, 8, 1, 15, 0]], [], []];1077
abs2n15,dat;14;8;2;220;50;183,82;9032,814;0,00%;20;8032,81;[[0, 2,2], [0, 2,35], [2,36, 1,79], [2,12, 0], [2,41, 1,91], [0, 2,03], [1,92, 0], [0, 0]];80,08%;3,14;[[[0, 3, 4, 8, 1, 2, 14, 15, 0]], [[0, 11, 12, 13, 10, 14, 15, 0]], [[0, 3, 4, 9, 8, 1, 15, 0], [0, 5, 7, 6, 2, 15, 0]], [[0, 11, 12, 13, 14, 15, 0]], [[0, 3, 4, 9, 8, 1, 15, 0], [0, 7, 10, 13, 6, 2, 14, 15, 0]], [[0, 5, 11, 12, 13, 14, 15, 0]], [[0, 3, 4, 8, 1, 15, 0]], []];11152
abs2n15,dat;14;8;2;220;30;181,89;8630,374;0,00%;22;7970,37;[[0, 2,2], [0, 2,35], [2,36, 1,79], [2,12, 0], [1,75, 2,41], [2,13, 0], [1,92, 0], [0, 0]];81,94%;3,07;[[[0, 3, 4, 8, 1, 2, 14, 15, 0]], [[0, 11, 12, 13, 10, 14, 15, 0]], [[0, 3, 4, 9, 8, 1, 15, 0], [0, 5, 7, 6, 2, 15, 0]], [[0, 11, 12, 13, 14, 15, 0]], [[0, 7, 10, 14, 6, 2, 15, 0], [0, 3, 4, 9, 8, 1, 15, 0]], [[0, 5, 11, 12, 13, 14, 15, 0]], [[0, 3, 4, 8, 1, 15, 0]], []];10778
abs2n15,dat;14;8;2;220;10;1202,96;7926,676;0,00%;99;6936,68;[[0, 0], [2,27, 2,51], [0, 1,89], [2,66, 2,41], [0, 1,76], [2,32, 2,38], [0, 0], [0, 0]];92,25%;2,57;[[], [[0, 11, 12, 10, 14, 15, 0], [0, 3, 4, 9, 8, 1, 15, 0]], [[0, 7, 13, 6, 2, 15, 0]], [[0, 5, 11, 12, 14, 15, 0], [0, 3, 4, 9, 8, 1, 15, 0]], [[0, 7, 10, 13, 6, 2, 15, 0]], [[0, 3, 4, 8, 1, 15, 0], [0, 5, 11, 12, 13, 14, 15, 0]], [], []];102768
abs3n15,dat;14;8;1;409;50;1,72;8671,364;0,00%;31;7121,36;[[0], [3,25], [3,74], [2,09], [3,0], [3,0], [0], [0]];81,52%;2,86;[[], [[0, 4, 14, 3, 12, 1, 13, 8, 11, 15, 0]], [[0, 12, 5, 10, 3, 14, 7, 6, 11, 9, 2, 15, 0]], [[0, 4, 12, 1, 13, 8, 15, 0]], [[0, 3, 14, 7, 6, 11, 9, 2, 8, 15, 0]], [[0, 4, 14, 3, 10, 5, 12, 1, 13, 8, 15, 0]], [], []];218
abs3n15,dat;14;8;1;409;30;1,7;7949,451;0,00%;38;6809,45;[[0], [3,21], [3,34], [2,04], [3,0], [3,1], [0], [0]];81,52%;2,86;[[], [[0, 14, 3, 10, 5, 12, 1, 13, 8, 11, 15, 0]], [[0, 4, 3, 14, 7, 6, 11, 9, 2, 15, 0]], [[0, 5, 10, 12, 1, 13, 8, 15, 0]], [[0, 3, 14, 7, 6, 11, 9, 2, 8, 15, 0]], [[0, 4, 14, 3, 10, 5, 12, 1, 13, 8, 15, 0]], [], []];188
abs3n15,dat;14;8;1;409;10;7,27;7062,841;0,00%;46;6602,84;[[0], [2,82], [3,34], [2,04], [3,0], [3,1], [0], [0]];83,61%;2,79;[[], [[0, 14, 3, 10, 5, 12, 1, 13, 8, 15, 0]], [[0, 4, 3, 14, 7, 6, 11, 9, 2, 15, 0]], [[0, 5, 10, 12, 1, 13, 8, 15, 0]], [[0, 3, 14, 7, 6, 11, 9, 2, 8, 15, 0]], [[0, 4, 14, 3, 10, 5, 12, 1, 13, 8, 15, 0]], [], []];617
abs3n15,dat;14;8;2;205;50;3600,02;10376,305;1,57%;15;9626,3;[[0, 2,1], [1,87, 2,29], [2,84, 0], [1,73, 2,04], [0, 2,84], [1,96, 2,32], [0, 0], [0, 0]];68,77%;3,43;[[[0, 14, 3, 10, 5, 12, 1, 15, 0]], [[0, 12, 1, 13, 8, 15, 0], [0, 4, 3, 14, 7, 6, 11, 15, 0]], [[0, 5, 12, 8, 2, 9, 11, 15, 0]], [[0, 4, 3, 14, 6, 15, 0], [0, 5, 10, 12, 1, 13, 8, 15, 0]], [[0, 14, 7, 11, 9, 2, 8, 15, 0]], [[0, 4, 3, 14, 6, 8, 15, 0], [0, 5, 10, 12, 1, 13, 15, 0]], [], []];323793
abs3n15,dat;14;8;2;205;30;1485,3;9747,525;0,00%;34;8727,52;[[0, 0], [2,18, 2,07], [2,71, 1,7], [0, 1,98], [2,84, 2,15], [2,4, 0], [0, 0], [0, 0]];75,50%;3;[[], [[0, 3, 14, 7, 6, 11, 15, 0], [0, 12, 1, 13, 8, 15, 0]], [[0, 3, 14, 6, 11, 9, 2, 15, 0], [0, 4, 5, 10, 12, 15, 0]], [[0, 10, 12, 1, 13, 8, 15, 0]], [[0, 5, 10, 1, 8, 2, 9, 11, 15, 0], [0, 4, 3, 14, 7, 6, 15, 0]], [[0, 14, 3, 12, 1, 13, 8, 15, 0]], [], []];131579
abs3n15,dat;14;8;2;205;10;2234,91;8861,361;0,00%;70;8161,36;[[0, 0], [2,07, 2,18], [2,71, 1,41], [1,87, 0], [2,15, 2,47], [2,36, 0], [0, 0], [0, 0]];82,00%;2,71;[[], [[0, 12, 1, 13, 8, 15, 0], [0, 3, 14, 7, 6, 11, 15, 0]], [[0, 3, 14, 6, 11, 9, 2, 15, 0], [0, 4, 5, 10, 15, 0]], [[0, 12, 1, 13, 8, 15, 0]], [[0, 4, 3, 14, 7, 6, 15, 0], [0, 5, 10, 8, 2, 9, 11, 15, 0]], [[0, 3, 12, 1, 13, 8, 15, 0]], [], []];152348
abs4n15,dat;14;8;1;494;50;5,15;7705,217;0,00%;11;7155,22;[[2,74], [3,87], [0], [3,61], [3,62], [3,46], [0], [0]];69,46%;3,64;[[[0, 9, 14, 11, 6, 1, 7, 2, 15, 0]], [[0, 5, 9, 14, 4, 11, 12, 3, 13, 10, 1, 8, 7, 2, 15, 0]], [], [[0, 5, 9, 14, 11, 4, 6, 13, 1, 8, 7, 2, 15, 0]], [[0, 5, 9, 14, 12, 3, 13, 10, 1, 2, 15, 0]], [[0, 5, 9, 14, 11, 4, 6, 13, 1, 8, 7, 2, 15, 0]], [], []];822
abs4n15,dat;14;8;1;494;30;7,42;7346,795;0,00%;30;6446,8;[[1,97], [3,89], [1,0], [3,45], [2,69], [3,81], [0], [0]];74,32%;3,43;[[[0, 5, 9, 14, 4, 2, 7, 15, 0]], [[0, 7, 8, 1, 10, 13, 6, 3, 12, 11, 14, 2, 15, 0]], [[0, 5, 9, 15, 0]], [[0, 9, 14, 11, 4, 6, 13, 10, 1, 8, 7, 2, 15, 0]], [[0, 5, 9, 14, 12, 3, 2, 15, 0]], [[0, 5, 9, 14, 11, 4, 6, 13, 10, 1, 8, 7, 2, 15, 0]], [], []];1222
abs4n15,dat;14;8;1;494;10;19,82;6525,29;0,00%;96;5565,29;[[0], [3,67], [3,69], [2,93], [2,3], [3,86], [0], [0]];86,04%;2,93;[[], [[0, 5, 9, 14, 6, 13, 10, 1, 8, 7, 2, 15, 0]], [[0, 4, 3, 12, 11, 14, 15, 0]], [[0, 5, 9, 7, 8, 1, 10, 13, 6, 2, 15, 0]], [[0, 2, 4, 3, 12, 11, 14, 15, 0]], [[0, 5, 9, 14, 4, 6, 13, 10, 1, 8, 7, 2, 15, 0]], [], []];2728
abs4n15,dat;14;8;2;247;50;1177,08;8560,594;0,00%;15;7810,59;[[3,3, 0], [2,65, 0], [2,27, 0], [1,0, 1,68], [2,59, 2,42], [0, 3,4], [0, 0], [0, 0]];64,86%;3,86;[[[0, 9, 14, 11, 4, 6, 13, 10, 1, 8, 7, 2, 15, 0]], [[0, 5, 9, 14, 11, 12, 3, 4, 2, 15, 0]], [[0, 7, 8, 1, 10, 13, 6, 15, 0]], [[0, 5, 9, 15, 0], [0, 2, 4, 11, 14, 15, 0]], [[0, 5, 9, 14, 11, 12, 3, 2, 15, 0], [0, 7, 8, 1, 10, 13, 6, 15, 0]], [[0, 5, 9, 14, 11, 4, 13, 1, 8, 7, 2, 15, 0]], [], []];105164
abs4n15,dat;14;8;2;247;30;2592,55;8213,551;0,00%;33;7223,55;[[0, 1,42], [2,45, 2,67], [1,0, 0], [2,27, 1,87], [2,69, 0], [1,97, 2,57], [0, 0], [0, 0]];75,90%;3,36;[[[0, 5, 9, 14, 2, 15, 0]], [[0, 2, 4, 3, 12, 11, 14, 15, 0], [0, 7, 8, 1, 10, 13, 6, 15, 0]], [[0, 5, 9, 15, 0]], [[0, 7, 8, 1, 10, 13, 6, 15, 0], [0, 9, 14, 11, 4, 2, 15, 0]], [[0, 5, 9, 14, 12, 3, 2, 15, 0]], [[0, 5, 9, 14, 11, 4, 2, 15, 0], [0, 7, 8, 1, 10, 13, 6, 15, 0]], [], []];260114
abs4n15,dat;14;8;2;247;10;3600;7309,938;1,01%;100;6309,94;[[0, 0], [1,62, 2,67], [3,63, 0], [2,27, 1,52], [0, 2,25], [1,82, 2,57], [0, 0], [0, 0]];87,31%;2,86;[[], [[0, 5, 9, 14, 2, 15, 0], [0, 7, 8, 1, 10, 13, 6, 15, 0]], [[0, 4, 3, 12, 11, 15, 0]], [[0, 7, 8, 1, 10, 13, 6, 15, 0], [0, 5, 9, 14, 2, 15, 0]], [[0, 2, 4, 3, 12, 11, 14, 15, 0]], [[0, 5, 9, 14, 2, 15, 0], [0, 7, 8, 1, 10, 13, 6, 15, 0]], [], []];154164
abs5n15,dat;14;8;1;500;50;2,8;7221,334;0,00%;16;6421,33;[[1,93], [3,91], [0], [3,37], [3,85], [3,22], [0], [0]];71,60%;3,5;[[[0, 9, 1, 14, 4, 3, 15, 0]], [[0, 10, 7, 8, 12, 13, 11, 2, 5, 14, 6, 3, 1, 9, 15, 0]], [], [[0, 8, 12, 13, 2, 5, 4, 6, 3, 1, 9, 15, 0]], [[0, 10, 7, 8, 13, 11, 2, 5, 14, 6, 1, 9, 15, 0]], [[0, 8, 12, 13, 2, 5, 4, 6, 3, 1, 9, 15, 0]], [], []];640
abs5n15,dat;14;8;1;500;30;6,78;6901,334;0,00%;16;6421,33;[[1,93], [3,91], [0], [3,37], [3,91], [3,17], [0], [0]];71,05%;3,5;[[[0, 9, 1, 14, 4, 3, 15, 0]], [[0, 10, 7, 8, 12, 13, 11, 2, 5, 14, 6, 3, 1, 9, 15, 0]], [], [[0, 8, 12, 13, 2, 5, 4, 6, 3, 1, 9, 15, 0]], [[0, 10, 7, 8, 12, 13, 11, 2, 5, 14, 6, 1, 9, 15, 0]], [[0, 8, 13, 2, 5, 4, 6, 3, 1, 9, 15, 0]], [], []];1169
abs5n15,dat;14;8;1;500;10;14,02;6308,11;0,00%;49;5818,11;[[0], [3,78], [3,97], [0,96], [3,85], [3,9], [0], [0]];80,25%;3,14;[[], [[0, 8, 12, 13, 2, 5, 14, 6, 3, 1, 9, 15, 0]], [[0, 10, 7, 8, 12, 13, 11, 2, 5, 4, 6, 3, 1, 15, 0]], [[0, 9, 15, 0]], [[0, 10, 7, 8, 13, 2, 5, 14, 6, 3, 1, 15, 0]], [[0, 8, 12, 13, 11, 2, 5, 4, 6, 3, 1, 9, 15, 0]], [], []];2646
abs5n15,dat;14;8;2;250;50;3600;9097,226;4,09%;20;8097,23;[[0, 3,28], [0, 3,22], [0, 2,03], [0, 2,95], [2,9, 2,47], [3,22, 0], [0, 0], [0, 0]];65,03%;3,79;[[[0, 7, 8, 12, 13, 2, 14, 4, 6, 3, 1, 9, 15, 0]], [[0, 10, 7, 8, 12, 13, 11, 2, 5, 3, 15, 0]], [[0, 9, 1, 14, 4, 6, 3, 15, 0]], [[0, 8, 13, 2, 5, 1, 9, 15, 0]], [[0, 10, 7, 8, 11, 13, 12, 15, 0], [0, 9, 1, 14, 5, 4, 6, 3, 15, 0]], [[0, 8, 13, 2, 5, 6, 3, 1, 9, 15, 0]], [], []];247637
abs5n15,dat;14;8;2;250;30;3600,01;8697,225;4,95%;20;8097,23;[[3,28, 0], [3,22, 0], [2,03, 0], [0, 2,95], [2,9, 2,47], [3,22, 0], [0, 0], [0, 0]];65,03%;3,79;[[[0, 7, 8, 12, 13, 2, 14, 4, 6, 3, 1, 9, 15, 0]], [[0, 10, 7, 8, 12, 13, 11, 2, 5, 3, 15, 0]], [[0, 9, 1, 14, 4, 6, 3, 15, 0]], [[0, 8, 13, 2, 5, 1, 9, 15, 0]], [[0, 10, 7, 8, 11, 13, 12, 15, 0], [0, 9, 1, 14, 5, 4, 6, 3, 15, 0]], [[0, 8, 13, 2, 5, 6, 3, 1, 9, 15, 0]], [], []];215113
abs5n15,dat;14;8;2;250;10;3600,01;8158,271;9,78%;91;7248,27;[[0, 0], [2,5, 3,15], [2,08, 0], [0, 2,69], [3,47, 1,94], [0, 3,18], [0, 0], [0, 0]];82,85%;2,93;[[], [[0, 10, 8, 1, 3, 6, 15, 0], [0, 7, 12, 13, 11, 2, 5, 15, 0]], [[0, 9, 1, 14, 4, 6, 3, 15, 0]], [[0, 8, 12, 13, 2, 5, 15, 0]], [[0, 10, 7, 8, 11, 13, 12, 9, 15, 0], [0, 1, 14, 4, 6, 3, 15, 0]], [[0, 8, 13, 2, 5, 6, 3, 1, 15, 0]], [], []];143940
abs1n20,dat;19;8;1;605;50;101,7;10930,45;0,00%;11;10380,45;[[3,29], [3,78], [3,89], [3,43], [3,86], [4,0], [2,62], [0]];72,21%;3,68;[[[0, 7, 11, 14, 9, 3, 12, 16, 20, 0]], [[0, 19, 18, 13, 14, 15, 3, 12, 8, 2, 4, 20, 0]], [[0, 7, 10, 17, 11, 13, 5, 14, 15, 9, 6, 12, 1, 2, 4, 20, 0]], [[0, 19, 18, 16, 12, 3, 6, 9, 8, 2, 4, 20, 0]], [[0, 19, 7, 10, 17, 13, 14, 15, 9, 8, 1, 2, 4, 20, 0]], [[0, 19, 13, 11, 5, 14, 15, 9, 6, 3, 12, 8, 2, 20, 0]], [[0, 7, 19, 18, 16, 4, 20, 0]], []];17581
abs1n20,dat;19;8;1;605;30;217,49;10613,827;0,00%;29;9743,83;[[3,64], [3,11], [3,87], [3,48], [3,86], [3,9], [1,88], [0]];74,02%;3,53;[[[0, 7, 11, 13, 14, 15, 9, 3, 12, 16, 20, 0]], [[0, 19, 18, 12, 3, 8, 1, 2, 4, 20, 0]], [[0, 7, 10, 17, 11, 13, 5, 14, 15, 9, 6, 12, 4, 20, 0]], [[0, 19, 18, 16, 12, 3, 6, 9, 8, 2, 4, 20, 0]], [[0, 19, 7, 10, 17, 13, 14, 15, 9, 8, 1, 2, 4, 20, 0]], [[0, 7, 11, 13, 5, 14, 15, 9, 6, 3, 12, 8, 2, 4, 20, 0]], [[0, 19, 18, 16, 20, 0]], []];25725
abs1n20,dat;19;8;1;605;10;2727,7;9640,7;0,00%;96;8680,7;[[3,14], [3,96], [2,88], [3,75], [3,84], [3,77], [0], [0]];79,07%;3,11;[[[0, 19, 7, 5, 14, 3, 12, 20, 0]], [[0, 17, 11, 13, 14, 15, 9, 6, 3, 12, 8, 1, 2, 4, 20, 0]], [[0, 10, 7, 19, 18, 16, 4, 20, 0]], [[0, 13, 11, 5, 14, 15, 9, 6, 3, 12, 8, 2, 4, 20, 0]], [[0, 18, 19, 7, 17, 11, 14, 9, 8, 1, 16, 20, 0]], [[0, 10, 13, 5, 14, 15, 9, 6, 3, 12, 8, 2, 4, 20, 0]], [], []];305781
abs1n20,dat;19;8;2;303;50;3600,01;12872,33;8,72%;8;12472,33;[[3,81, 0], [1,88, 3,15], [3,33, 0], [1,88, 2,75], [3,12, 3,19], [3,57, 0], [0, 3,03], [0, 0]];65,87%;4,05;[[[0, 7, 10, 17, 11, 5, 14, 15, 9, 6, 3, 12, 1, 2, 4, 20, 0]], [[0, 19, 18, 16, 20, 0], [0, 10, 17, 13, 5, 14, 3, 12, 8, 2, 4, 20, 0]], [[0, 7, 11, 5, 14, 15, 9, 6, 12, 4, 20, 0]], [[0, 19, 18, 16, 20, 0], [0, 13, 3, 9, 8, 1, 2, 4, 20, 0]], [[0, 11, 14, 15, 9, 6, 8, 2, 4, 20, 0], [0, 19, 7, 10, 17, 13, 12, 16, 20, 0]], [[0, 19, 18, 13, 5, 14, 15, 3, 9, 8, 1, 20, 0]], [[0, 19, 7, 12, 8, 2, 4, 20, 0]], []];155347
abs1n20,dat;19;8;2;303;30;3600,01;12639,921;12,57%;31;11709,92;[[0, 3,58], [1,88, 3,53], [0, 2,83], [3,24, 1,88], [2,74, 2,81], [1,88, 3,67], [0, 0], [0, 0]];65,34%;3,84;[[[0, 7, 10, 13, 5, 14, 3, 12, 6, 9, 8, 2, 4, 20, 0]], [[0, 19, 18, 16, 20, 0], [0, 7, 10, 17, 11, 5, 14, 15, 3, 12, 2, 4, 20, 0]], [[0, 13, 12, 3, 6, 9, 8, 1, 4, 20, 0]], [[0, 7, 11, 5, 14, 15, 9, 8, 2, 20, 0], [0, 19, 18, 16, 20, 0]], [[0, 10, 17, 11, 5, 14, 12, 20, 0], [0, 13, 3, 6, 9, 8, 1, 2, 4, 20, 0]], [[0, 19, 18, 16, 20, 0], [0, 7, 13, 5, 14, 15, 9, 3, 12, 8, 2, 4, 20, 0]], [], []];160071
abs1n20,dat;19;8;2;303;10;3600,01;11315,196;11,05%;96;10355,2;[[0, 3,62], [3,36, 0], [2,38, 3,43], [0, 3,14], [2,78, 3,24], [0, 3,75], [0, 0], [0, 0]];68,31%;3,53;[[[0, 19, 7, 17, 13, 12, 3, 6, 9, 8, 1, 2, 4, 20, 0]], [[0, 10, 17, 11, 5, 14, 15, 9, 8, 2, 20, 0]], [[0, 19, 18, 16, 4, 20, 0], [0, 7, 11, 13, 12, 3, 6, 8, 2, 20, 0]], [[0, 17, 13, 5, 14, 15, 9, 8, 1, 2, 20, 0]], [[0, 10, 7, 19, 18, 16, 4, 20, 0], [0, 17, 11, 5, 14, 3, 12, 6, 9, 8, 1, 20, 0]], [[0, 19, 7, 13, 14, 15, 9, 8, 2, 4, 20, 0]], [], []];133097
abs2n20,dat;19;8;1;556;50;11,51;8683,202;0,00%;27;7333,2;[[0], [3,52], [3,92], [2,37], [2,86], [3,41], [1,74], [0]];80,14%;3,05;[[], [[0, 6, 11, 9, 10, 15, 7, 14, 12, 16, 18, 8, 20, 0]], [[0, 3, 6, 9, 11, 4, 5, 13, 2, 1, 18, 19, 12, 16, 17, 20, 0]], [[0, 7, 14, 15, 10, 9, 11, 8, 20, 0]], [[0, 6, 9, 8, 17, 16, 12, 19, 18, 1, 2, 13, 20, 0]], [[0, 3, 7, 14, 15, 10, 6, 9, 11, 4, 5, 8, 20, 0]], [[0, 16, 19, 18, 8, 20, 0]], []];1020
abs2n20,dat;19;8;1;556;30;12,77;8075,708;0,00%;48;6635,71;[[0], [3,51], [3,53], [2,48], [3,1], [3,48], [0], [0]];81,74%;2,84;[[], [[0, 3, 7, 14, 15, 10, 9, 11, 6, 16, 18, 17, 8, 20, 0]], [[0, 6, 16, 12, 19, 18, 1, 2, 13, 5, 4, 20, 0]], [[0, 3, 7, 14, 15, 10, 9, 11, 8, 20, 0]], [[0, 6, 9, 4, 5, 13, 2, 1, 18, 16, 17, 8, 20, 0]], [[0, 6, 11, 9, 10, 15, 14, 7, 3, 12, 19, 16, 18, 8, 20, 0]], [], []];784
abs2n20,dat;19;8;1;556;10;18,03;7111,8;0,00%;60;6511,8;[[0], [3,24], [3,53], [2,48], [3,1], [3,48], [0], [0]];83,29%;2,79;[[], [[0, 3, 14, 7, 10, 9, 11, 6, 16, 18, 17, 8, 20, 0]], [[0, 6, 16, 12, 19, 18, 1, 2, 13, 5, 4, 20, 0]], [[0, 3, 7, 14, 15, 10, 9, 11, 8, 20, 0]], [[0, 6, 9, 4, 5, 13, 2, 1, 18, 16, 17, 8, 20, 0]], [[0, 6, 11, 9, 10, 15, 14, 7, 3, 12, 19, 16, 18, 8, 20, 0]], [], []];1208
abs2n20,dat;19;8;2;278;50;3600,01;9763,577;3,00%;26;8463,58;[[0, 2,27], [2,58, 0], [1,89, 2,07], [1,75, 2,6], [0, 2,15], [1,91, 2,91], [0, 0], [0, 0]];71,02%;3,32;[[[0, 6, 9, 11, 16, 12, 19, 18, 17, 8, 20, 0]], [[0, 3, 7, 14, 15, 10, 11, 8, 20, 0]], [[0, 6, 9, 11, 4, 5, 13, 20, 0], [0, 12, 16, 18, 1, 2, 20, 0]], [[0, 12, 19, 16, 18, 17, 8, 20, 0], [0, 3, 7, 14, 15, 10, 9, 4, 20, 0]], [[0, 3, 6, 9, 11, 8, 1, 2, 13, 20, 0]], [[0, 6, 16, 12, 19, 18, 17, 8, 20, 0], [0, 7, 14, 15, 10, 9, 11, 4, 5, 20, 0]], [], []];120515
abs2n20,dat;19;8;2;278;30;3195,26;9203,655;0,00%;39;8033,66;[[0, 0], [2,79, 1,58], [2,58, 1,98], [0, 2,43], [2,11, 1,37], [2,03, 2,88], [0, 0], [0, 0]];78,03%;3;[[], [[0, 7, 14, 15, 10, 9, 11, 20, 0], [0, 6, 16, 18, 17, 8, 20, 0]], [[0, 12, 19, 16, 18, 17, 1, 2, 20, 0], [0, 3, 6, 11, 4, 5, 13, 20, 0]], [[0, 3, 7, 14, 15, 10, 9, 8, 20, 0]], [[0, 3, 12, 19, 16, 18, 1, 2, 20, 0], [0, 6, 9, 11, 8, 13, 20, 0]], [[0, 6, 9, 11, 4, 5, 8, 20, 0], [0, 10, 15, 7, 14, 19, 16, 18, 17, 20, 0]], [], []];158041
abs2n20,dat;19;8;2;278;10;3600,01;8319,56;2,37%;53;7789,56;[[0, 0], [1,58, 2,79], [1,98, 2,42], [2,42, 0], [1,87, 1,75], [2,16, 2,36], [0, 0], [0, 0]];82,25%;2,84;[[], [[0, 6, 16, 18, 17, 8, 20, 0], [0, 7, 14, 15, 10, 9, 11, 20, 0]], [[0, 3, 6, 11, 4, 5, 13, 20, 0], [0, 12, 19, 16, 18, 1, 2, 20, 0]], [[0, 7, 14, 15, 10, 9, 11, 8, 20, 0]], [[0, 16, 18, 1, 2, 8, 20, 0], [0, 6, 9, 4, 5, 13, 20, 0]], [[0, 6, 16, 12, 19, 18, 17, 8, 20, 0], [0, 3, 7, 14, 15, 10, 9, 11, 20, 0]], [], []];117909
abs3n20,dat;19;8;1;574;50;23,02;9722,714;0,00%;16;8922,71;[[1,96], [3,34], [2,38], [3,81], [2,92], [3,61], [1,9], [0]];74,90%;3,16;[[[0, 14, 9, 7, 19, 20, 0]], [[0, 13, 8, 4, 15, 17, 12, 2, 11, 3, 18, 20, 0]], [[0, 1, 14, 5, 9, 16, 7, 6, 10, 19, 20, 0]], [[0, 13, 8, 4, 15, 17, 12, 2, 11, 3, 18, 19, 9, 20, 0]], [[0, 8, 1, 14, 5, 9, 16, 7, 6, 10, 19, 20, 0]], [[0, 13, 8, 4, 15, 17, 12, 2, 11, 3, 18, 19, 9, 20, 0]], [[0, 5, 7, 19, 20, 0]], []];2542
abs3n20,dat;19;8;1;574;30;19,5;9100,979;0,00%;47;7690,98;[[2,02], [3,36], [2,38], [3,01], [2,48], [3,16], [2,26], [0]];78,25%;3,16;[[[0, 13, 8, 4, 12, 2, 20, 0]], [[0, 1, 14, 5, 9, 16, 7, 6, 10, 19, 18, 3, 11, 20, 0]], [[0, 13, 8, 4, 15, 17, 12, 2, 20, 0]], [[0, 1, 14, 5, 9, 16, 7, 6, 10, 19, 18, 3, 11, 20, 0]], [[0, 13, 8, 4, 15, 17, 12, 2, 20, 0]], [[0, 1, 14, 5, 9, 16, 7, 6, 10, 19, 18, 3, 11, 20, 0]], [[0, 13, 8, 4, 15, 12, 20, 0]], []];1613
abs3n20,dat;19;8;1;574;10;89,01;7844,145;0,00%;116;6684,14;[[0], [3,92], [3,28], [3,24], [2,88], [3,85], [0], [0]];84,57%;2,58;[[], [[0, 13, 8, 4, 15, 12, 2, 11, 3, 18, 19, 9, 20, 0]], [[0, 1, 14, 5, 9, 16, 7, 6, 10, 19, 20, 0]], [[0, 13, 8, 4, 15, 17, 12, 2, 11, 3, 18, 20, 0]], [[0, 1, 14, 5, 9, 16, 7, 6, 10, 19, 20, 0]], [[0, 13, 8, 4, 15, 12, 2, 3, 18, 19, 9, 20, 0]], [], []];9282
abs3n20,dat;19;8;2;287;50;3600;10257,921;1,63%;25;9007,92;[[0, 0], [3,0, 2,29], [1,26, 1,89], [2,09, 2,7], [2,25, 0], [2,75, 2,18], [0, 0], [0, 0]];74,86%;3,11;[[], [[0, 14, 9, 7, 19, 18, 3, 11, 20, 0], [0, 13, 8, 4, 15, 12, 2, 20, 0]], [[0, 17, 12, 1, 20, 0], [0, 5, 9, 16, 6, 10, 19, 20, 0]], [[0, 13, 8, 4, 15, 12, 2, 20, 0], [0, 9, 16, 7, 6, 19, 18, 3, 11, 20, 0]], [[0, 8, 1, 14, 5, 9, 10, 19, 20, 0]], [[0, 5, 9, 16, 7, 6, 19, 18, 3, 11, 20, 0], [0, 13, 8, 4, 15, 17, 12, 2, 20, 0]], [], []];106609
abs3n20,dat;19;8;2;287;30;3600;9738,15;3,26%;36;8658,15;[[0, 0], [3,0, 2,43], [2,26, 0], [2,38, 2,75], [0, 2,25], [2,75, 2,18], [0, 0], [0, 0]];77,49%;3;[[], [[0, 14, 9, 7, 19, 18, 3, 11, 20, 0], [0, 13, 8, 4, 15, 17, 12, 1, 20, 0]], [[0, 5, 16, 6, 10, 2, 20, 0]], [[0, 13, 8, 4, 15, 17, 12, 2, 20, 0], [0, 9, 16, 7, 6, 19, 18, 3, 11, 20, 0]], [[0, 8, 1, 14, 5, 9, 10, 19, 20, 0]], [[0, 5, 9, 16, 7, 6, 19, 18, 3, 11, 20, 0], [0, 13, 8, 4, 15, 17, 12, 2, 20, 0]], [], []];114124
abs3n20,dat;19;8;2;287;10;3600,01;8568,475;3,95%;91;7658,48;[[0, 0], [2,33, 2,29], [0, 3,0], [2,22, 2,3], [2,2, 0], [2,49, 2,11], [0, 0], [0, 0]];82,21%;2,74;[[], [[0, 14, 9, 10, 19, 18, 3, 11, 20, 0], [0, 13, 8, 4, 15, 12, 2, 20, 0]], [[0, 1, 5, 16, 7, 6, 9, 20, 0]], [[0, 14, 9, 19, 18, 3, 11, 2, 20, 0], [0, 13, 8, 4, 15, 17, 12, 20, 0]], [[0, 1, 9, 16, 7, 6, 10, 19, 20, 0]], [[0, 13, 8, 4, 15, 12, 2, 20, 0], [0, 14, 5, 9, 19, 18, 3, 11, 20, 0]], [], []];88782
abs4n20,dat;19;8;1;612;50;44,09;11138,124;0,00%;13;10488,12;[[3,04], [4,0], [2,12], [3,92], [3,91], [3,45], [2,45], [0]];73,31%;3,74;[[[0, 6, 3, 11, 14, 7, 17, 12, 10, 13, 20, 0]], [[0, 15, 11, 8, 14, 18, 9, 1, 2, 19, 4, 16, 20, 0]], [[0, 6, 5, 16, 4, 12, 10, 13, 20, 0]], [[0, 3, 15, 11, 8, 17, 7, 14, 18, 9, 2, 19, 4, 12, 20, 0]], [[0, 6, 5, 16, 4, 19, 2, 1, 9, 14, 7, 8, 10, 13, 20, 0]], [[0, 6, 3, 15, 11, 14, 18, 9, 17, 8, 13, 20, 0]], [[0, 5, 16, 2, 19, 4, 12, 10, 8, 20, 0]], []];5637
abs4n20,dat;19;8;1;612;30;104,9;10466,678;0,00%;49;8996,68;[[2,19], [3,96], [2,61], [3,18], [3,2], [3,8], [2,31], [0]];84,88%;3,21;[[[0, 6, 16, 2, 4, 12, 10, 20, 0]], [[0, 3, 15, 11, 8, 17, 7, 14, 18, 9, 1, 13, 20, 0]], [[0, 6, 5, 16, 2, 19, 4, 12, 10, 20, 0]], [[0, 3, 15, 11, 14, 18, 9, 17, 8, 13, 20, 0]], [[0, 6, 5, 16, 2, 19, 1, 4, 12, 10, 8, 20, 0]], [[0, 3, 15, 11, 7, 14, 18, 9, 17, 8, 13, 20, 0]], [[0, 6, 5, 16, 2, 19, 4, 10, 20, 0]], []];13321
abs4n20,dat;19;8;1;612;10;169,02;9399,848;0,00%;98;8419,85;[[2,19], [3,96], [2,61], [3,25], [3,88], [3,57], [0], [0]];78,81%;3,11;[[[0, 6, 16, 2, 4, 12, 10, 20, 0]], [[0, 3, 15, 11, 8, 17, 7, 14, 18, 9, 1, 13, 20, 0]], [[0, 6, 5, 16, 2, 19, 4, 12, 10, 20, 0]], [[0, 3, 15, 11, 8, 14, 18, 9, 10, 13, 20, 0]], [[0, 6, 5, 16, 4, 19, 2, 1, 9, 18, 14, 7, 17, 8, 20, 0]], [[0, 6, 3, 15, 11, 8, 10, 12, 4, 19, 2, 16, 13, 20, 0]], [], []];11828
abs4n20,dat;19;8;2;306;50;3600,01;12042,909;3,75%;23;10892,91;[[2,6, 0], [3,22, 2,19], [0, 2,12], [2,96, 2,19], [3,07, 0], [2,57, 2,93], [0, 0], [0, 0]];70,27%;3,63;[[[0, 6, 3, 15, 11, 14, 7, 8, 20, 0]], [[0, 3, 15, 11, 14, 7, 17, 18, 9, 1, 12, 20, 0], [0, 13, 16, 2, 19, 4, 10, 20, 0]], [[0, 6, 5, 16, 4, 8, 20, 0]], [[0, 3, 15, 11, 14, 18, 9, 17, 8, 20, 0], [0, 13, 16, 2, 19, 4, 12, 10, 20, 0]], [[0, 6, 13, 10, 12, 4, 1, 9, 14, 8, 20, 0]], [[0, 6, 5, 16, 2, 19, 4, 10, 13, 20, 0], [0, 3, 15, 11, 7, 14, 18, 9, 17, 8, 20, 0]], [], []];92037
abs4n20,dat;19;8;2;306;30;3600,01;11340,372;3,97%;34;10320,37;[[0, 2,26], [3,37, 2,04], [1,96, 0], [2,19, 2,87], [0, 2,92], [3,04, 2,57], [0, 0], [0, 0]];74,17%;3,42;[[[0, 6, 16, 2, 19, 4, 12, 10, 20, 0]], [[0, 4, 2, 1, 9, 18, 14, 7, 17, 20, 0], [0, 3, 15, 11, 8, 13, 20, 0]], [[0, 6, 5, 16, 4, 12, 10, 20, 0]], [[0, 13, 16, 2, 19, 4, 12, 10, 20, 0], [0, 3, 15, 11, 14, 18, 9, 8, 20, 0]], [[0, 6, 13, 10, 12, 4, 1, 17, 14, 8, 20, 0]], [[0, 3, 15, 11, 7, 14, 18, 9, 8, 20, 0], [0, 6, 5, 16, 2, 19, 4, 10, 13, 20, 0]], [], []];94437
abs4n20,dat;19;8;2;306;10;3600;10637,208;9,08%;127;9367,21;[[0, 0], [2,92, 2,13], [3,85, 0], [2,82, 2,31], [0, 3,42], [2,46, 2,7], [0, 0], [0, 0]];89,36%;2,79;[[], [[0, 6, 15, 11, 14, 8, 13, 20, 0], [0, 16, 2, 19, 4, 12, 10, 20, 0]], [[0, 6, 5, 16, 1, 9, 18, 7, 20, 0]], [[0, 3, 15, 11, 14, 17, 8, 20, 0], [0, 13, 2, 19, 4, 12, 10, 20, 0]], [[0, 6, 16, 12, 1, 9, 18, 17, 8, 20, 0]], [[0, 3, 15, 11, 14, 7, 8, 10, 20, 0], [0, 6, 5, 16, 2, 19, 4, 13, 20, 0]], [], []];82292
abs5n20,dat;19;8;1;611;50;10,99;11463,901;0,00%;8;11063,9;[[3,33], [3,6], [3,45], [3,51], [3,85], [3,25], [3,11], [0]];73,04%;3,68;[[[0, 14, 16, 4, 2, 10, 11, 1, 3, 12, 20, 0]], [[0, 19, 14, 5, 18, 8, 13, 7, 15, 12, 3, 1, 11, 20, 0]], [[0, 19, 17, 18, 4, 2, 6, 9, 10, 11, 20, 0]], [[0, 19, 16, 14, 5, 18, 8, 3, 1, 15, 12, 20, 0]], [[0, 19, 14, 5, 8, 13, 1, 4, 2, 6, 9, 10, 11, 20, 0]], [[0, 19, 17, 18, 8, 3, 1, 7, 15, 12, 20, 0]], [[0, 19, 14, 5, 18, 8, 16, 4, 10, 11, 20, 0]], []];1296
abs5n20,dat;19;8;1;611;30;38,87;11235,976;0,00%;12;10875,98;[[2,96], [3,8], [3,45], [3,51], [3,85], [3,25], [3,11], [0]];74,09%;3,63;[[[0, 14, 16, 4, 2, 10, 11, 3, 1, 20, 0]], [[0, 19, 14, 5, 18, 8, 13, 7, 15, 12, 3, 1, 11, 20, 0]], [[0, 19, 17, 18, 4, 2, 6, 9, 10, 11, 20, 0]], [[0, 19, 16, 14, 5, 18, 8, 3, 1, 15, 12, 20, 0]], [[0, 19, 14, 5, 8, 13, 1, 4, 2, 6, 9, 10, 11, 20, 0]], [[0, 19, 17, 18, 8, 3, 1, 7, 15, 12, 20, 0]], [[0, 19, 14, 5, 18, 8, 16, 4, 10, 11, 20, 0]], []];5177
abs5n20,dat;19;8;1;611;10;112,49;10049,412;0,00%;110;8949,41;[[2,76], [3,11], [3,83], [3,16], [3,9], [3,96], [0], [0]];78,35%;3,05;[[[0, 14, 18, 8, 3, 1, 12, 20, 0]], [[0, 19, 14, 16, 4, 2, 6, 9, 10, 11, 20, 0]], [[0, 17, 5, 18, 8, 13, 3, 1, 7, 15, 12, 20, 0]], [[0, 19, 14, 16, 4, 2, 6, 9, 10, 11, 20, 0]], [[0, 19, 14, 5, 18, 8, 13, 3, 1, 7, 15, 12, 20, 0]], [[0, 19, 14, 18, 8, 3, 1, 16, 4, 2, 6, 9, 10, 11, 20, 0]], [], []];14274
abs5n20,dat;19;8;2;306;50;328,15;12738,788;0,00%;8;12338,79;[[3,39, 0], [0, 2,62], [2,79, 3,28], [2,87, 0], [3,23, 2,44], [3,11, 0], [0, 2,96], [0, 0]];71,07%;3,68;[[[0, 14, 16, 4, 2, 6, 10, 11, 1, 3, 12, 20, 0]], [[0, 19, 14, 5, 18, 8, 3, 1, 11, 20, 0]], [[0, 16, 4, 2, 6, 9, 10, 11, 20, 0], [0, 19, 17, 18, 13, 7, 15, 12, 20, 0]], [[0, 19, 14, 5, 18, 8, 3, 1, 12, 20, 0]], [[0, 17, 18, 13, 8, 14, 16, 4, 1, 20, 0], [0, 19, 2, 6, 9, 10, 11, 20, 0]], [[0, 19, 5, 18, 8, 3, 1, 7, 15, 12, 20, 0]], [[0, 19, 14, 18, 8, 4, 10, 11, 20, 0]], []];25855
abs5n20,dat;19;8;2;306;30;3600,01;12522,668;1,00%;40;11322,67;[[0, 3,39], [2,62, 0], [2,74, 3,18], [2,67, 0], [2,74, 3,7], [0, 3,66], [0, 0], [0, 0]];68,43%;3,47;[[[0, 14, 16, 4, 2, 6, 10, 11, 1, 3, 12, 20, 0]], [[0, 19, 14, 5, 18, 8, 3, 1, 11, 20, 0]], [[0, 19, 16, 4, 2, 6, 9, 10, 20, 0], [0, 17, 18, 13, 7, 15, 12, 20, 0]], [[0, 19, 14, 5, 18, 8, 3, 1, 11, 20, 0]], [[0, 19, 16, 4, 2, 6, 9, 10, 20, 0], [0, 14, 5, 17, 18, 8, 13, 7, 15, 12, 1, 20, 0]], [[0, 19, 14, 18, 8, 3, 1, 4, 11, 10, 12, 20, 0]], [], []];277523
abs5n20,dat;19;8;2;306;10;3600,01;11350,914;0,67%;119;10160,91;[[0, 0], [2,91, 3,32], [2,45, 3,02], [0, 2,63], [2,91, 3,35], [0, 3,16], [0, 0], [0, 0]];79,67%;2,95;[[], [[0, 19, 14, 16, 4, 10, 11, 20, 0], [0, 17, 18, 8, 3, 1, 12, 20, 0]], [[0, 2, 6, 9, 10, 20, 0], [0, 19, 5, 18, 8, 13, 7, 15, 12, 20, 0]], [[0, 19, 14, 16, 4, 3, 1, 11, 20, 0]], [[0, 19, 14, 16, 4, 2, 6, 9, 10, 11, 20, 0], [0, 17, 18, 8, 13, 7, 15, 12, 20, 0]], [[0, 19, 14, 5, 18, 8, 3, 1, 4, 11, 20, 0]], [], []];233426
abs1n25,dat;24;8;1;739;50;21,05;9681,938;0,00%;9;9231,94;[[1,47], [3,99], [3,01], [3,35], [3,17], [3,47], [1,96], [0]];75,36%;3,38;[[[0, 7, 2, 3, 14, 23, 25, 0]], [[0, 23, 1, 20, 14, 17, 12, 4, 3, 2, 21, 18, 9, 8, 6, 11, 10, 16, 25, 0]], [[0, 22, 2, 7, 3, 4, 13, 15, 12, 19, 5, 16, 24, 25, 0]], [[0, 23, 20, 14, 2, 21, 18, 9, 8, 6, 11, 10, 24, 16, 25, 0]], [[0, 8, 9, 2, 7, 3, 4, 13, 15, 12, 19, 17, 14, 20, 1, 25, 0]], [[0, 22, 21, 18, 9, 8, 6, 11, 10, 24, 16, 5, 20, 23, 25, 0]], [[0, 7, 2, 3, 4, 15, 19, 14, 25, 0]], []];983
abs1n25,dat;24;8;1;739;30;63,22;9366,306;0,00%;17;8856,31;[[1,47], [3,99], [3,01], [3,17], [3,88], [3,97], [0], [0]];72,19%;3,29;[[[0, 7, 2, 3, 14, 23, 25, 0]], [[0, 23, 1, 20, 14, 17, 12, 4, 3, 2, 21, 18, 9, 8, 6, 11, 10, 16, 25, 0]], [[0, 22, 2, 7, 3, 4, 13, 15, 12, 19, 5, 16, 24, 25, 0]], [[0, 11, 10, 6, 8, 9, 18, 21, 2, 7, 14, 20, 23, 25, 0]], [[0, 8, 9, 22, 2, 3, 4, 13, 12, 19, 17, 14, 1, 20, 5, 16, 24, 25, 0]], [[0, 23, 20, 14, 19, 15, 4, 3, 7, 2, 21, 18, 9, 8, 6, 11, 10, 16, 25, 0]], [], []];3856
abs1n25,dat;24;8;1;739;10;138,83;8573,628;0,00%;57;8003,63;[[2,09], [2,6], [3,59], [2,65], [3,34], [3,15], [2,37], [0]];82,21%;3,12;[[[0, 7, 2, 3, 4, 12, 14, 20, 23, 25, 0]], [[0, 22, 21, 18, 9, 8, 6, 11, 10, 24, 16, 25, 0]], [[0, 7, 2, 3, 4, 13, 15, 12, 19, 17, 14, 23, 1, 20, 5, 25, 0]], [[0, 22, 21, 18, 9, 8, 6, 11, 10, 24, 16, 25, 0]], [[0, 7, 2, 3, 4, 13, 15, 12, 19, 17, 14, 23, 1, 20, 5, 25, 0]], [[0, 22, 21, 18, 9, 8, 6, 11, 10, 24, 16, 25, 0]], [[0, 7, 2, 3, 4, 15, 19, 14, 20, 23, 25, 0]], []];5003
abs1n25,dat;24;8;2;370;50;3600,01;10529,432;1,65%;15;9779,43;[[1,56, 0], [2,21, 2,47], [0, 2,9], [1,81, 2,49], [0, 3,09], [2,71, 2,49], [0, 0], [0, 0]];69,74%;3,46;[[[0, 7, 2, 3, 17, 14, 23, 25, 0]], [[0, 7, 2, 3, 4, 12, 19, 14, 20, 1, 23, 25, 0], [0, 21, 18, 9, 8, 6, 11, 10, 16, 25, 0]], [[0, 22, 2, 4, 13, 15, 12, 19, 5, 16, 24, 25, 0]], [[0, 7, 2, 3, 17, 14, 20, 1, 23, 25, 0], [0, 21, 18, 9, 8, 6, 11, 10, 24, 16, 25, 0]], [[0, 8, 9, 22, 2, 3, 4, 13, 19, 17, 14, 20, 1, 25, 0]], [[0, 14, 7, 2, 3, 4, 15, 12, 19, 5, 20, 23, 25, 0], [0, 21, 18, 9, 8, 6, 11, 10, 24, 16, 25, 0]], [], []];67277
abs1n25,dat;24;8;2;370;30;3600,01;10207,919;2,78%;32;9247,92;[[0, 1,85], [2,53, 2,3], [1,77, 0], [2,38, 2,41], [0, 2,51], [3,03, 2,76], [0, 0], [0, 0]];73,02%;3,29;[[[0, 22, 2, 7, 3, 14, 20, 23, 25, 0]], [[0, 22, 21, 18, 9, 8, 6, 11, 10, 16, 25, 0], [0, 7, 2, 3, 4, 13, 15, 12, 19, 17, 14, 23, 25, 0]], [[0, 23, 1, 20, 5, 16, 24, 25, 0]], [[0, 22, 21, 18, 9, 8, 6, 11, 10, 25, 0], [0, 7, 2, 3, 4, 12, 19, 14, 20, 23, 25, 0]], [[0, 14, 17, 4, 13, 15, 12, 20, 1, 16, 24, 25, 0]], [[0, 22, 21, 18, 9, 8, 6, 11, 10, 16, 25, 0], [0, 14, 7, 2, 3, 4, 15, 19, 5, 20, 23, 25, 0]], [], []];44534
abs1n25,dat;24;8;2;370;10;3600,01;9421,634;4,96%;60;8821,63;[[1,3, 0], [2,36, 2,43], [0, 1,87], [2,38, 2,83], [2,49, 0], [2,59, 3,03], [0, 0], [0, 0]];81,31%;2,96;[[[0, 14, 20, 16, 25, 0]], [[0, 7, 2, 3, 4, 15, 12, 19, 17, 23, 25, 0], [0, 22, 21, 18, 9, 8, 6, 11, 10, 25, 0]], [[0, 14, 1, 20, 5, 16, 24, 25, 0]], [[0, 22, 21, 18, 9, 8, 6, 11, 10, 25, 0], [0, 7, 2, 3, 4, 13, 15, 19, 20, 23, 25, 0]], [[0, 14, 17, 12, 19, 20, 1, 5, 16, 24, 25, 0]], [[0, 7, 2, 3, 4, 13, 15, 19, 14, 20, 23, 25, 0], [0, 22, 21, 18, 9, 8, 6, 11, 10, 16, 25, 0]], [], []];47241
abs2n25,dat;24;8;1;759;50;3600,02;15261,886;10,35%;85;11011,89;[[3,67], [3,74], [3,94], [3,69], [3,75], [3,81], [3,95], [0]];80,45%;3,38;[[[0, 4, 1, 12, 24, 5, 16, 19, 22, 17, 11, 3, 2, 25, 0]], [[0, 15, 13, 14, 18, 6, 21, 23, 3, 11, 7, 2, 9, 25, 0]], [[0, 4, 20, 1, 12, 24, 5, 16, 19, 22, 17, 10, 11, 8, 25, 0]], [[0, 13, 15, 4, 1, 3, 23, 21, 14, 18, 6, 2, 9, 25, 0]], [[0, 4, 20, 1, 12, 24, 5, 16, 19, 22, 17, 11, 8, 25, 0]], [[0, 15, 13, 14, 18, 6, 21, 3, 7, 2, 9, 25, 0]], [[0, 4, 1, 24, 5, 16, 19, 22, 17, 11, 8, 25, 0]], []];183076
abs2n25,dat;24;8;1;759;30;2933,28;13124,807;0,00%;78;10784,81;[[3,5], [3,84], [3,94], [3,68], [3,79], [3,99], [3,74], [0]];81,72%;3,33;[[[0, 4, 1, 12, 24, 5, 16, 19, 22, 17, 11, 2, 25, 0]], [[0, 15, 13, 14, 18, 6, 21, 23, 3, 11, 7, 2, 9, 25, 0]], [[0, 4, 20, 1, 12, 24, 5, 16, 19, 22, 17, 10, 11, 8, 25, 0]], [[0, 13, 4, 20, 1, 3, 23, 21, 14, 18, 6, 2, 9, 25, 0]], [[0, 15, 4, 12, 24, 5, 16, 19, 22, 17, 10, 11, 8, 25, 0]], [[0, 13, 20, 1, 21, 18, 6, 3, 7, 2, 9, 25, 0]], [[0, 15, 4, 5, 16, 24, 19, 22, 17, 11, 8, 25, 0]], []];174738
abs2n25,dat;24;8;1;759;10;1395,46;11564,807;0,00%;78;10784,81;[[3,5], [3,84], [3,94], [3,68], [3,79], [3,99], [3,74], [0]];81,72%;3,33;[[[0, 4, 1, 12, 24, 5, 16, 19, 22, 17, 11, 2, 25, 0]], [[0, 15, 13, 14, 18, 6, 21, 23, 3, 11, 7, 2, 9, 25, 0]], [[0, 4, 20, 1, 12, 24, 5, 16, 19, 22, 17, 10, 11, 8, 25, 0]], [[0, 13, 4, 20, 1, 3, 23, 21, 14, 18, 6, 2, 9, 25, 0]], [[0, 15, 4, 12, 24, 5, 16, 19, 22, 17, 10, 11, 8, 25, 0]], [[0, 13, 20, 1, 21, 18, 6, 3, 7, 2, 9, 25, 0]], [[0, 15, 4, 5, 16, 24, 19, 22, 17, 11, 8, 25, 0]], []];71144
abs2n25,dat;24;8;2;380;50;3600;14534,329;4,85%;12;13934,33;[[0, 2,79], [3,19, 2,86], [2,43, 3,17], [0, 3,57], [3,37, 3,05], [3,99, 0], [0, 3,46], [0, 0]];72,40%;3,71;[[[0, 4, 1, 22, 17, 11, 3, 2, 25, 0]], [[0, 4, 12, 24, 5, 16, 19, 11, 3, 7, 2, 25, 0], [0, 13, 14, 21, 23, 6, 18, 25, 0]], [[0, 4, 20, 1, 21, 6, 18, 9, 25, 0], [0, 15, 5, 16, 24, 19, 22, 17, 10, 8, 25, 0]], [[0, 13, 4, 20, 1, 12, 24, 19, 22, 11, 3, 2, 25, 0]], [[0, 4, 12, 24, 5, 16, 19, 22, 17, 10, 8, 25, 0], [0, 20, 1, 23, 21, 14, 18, 6, 2, 9, 25, 0]], [[0, 13, 15, 5, 16, 19, 17, 11, 3, 6, 2, 7, 8, 25, 0]], [[0, 4, 5, 24, 19, 22, 1, 21, 18, 25, 0]], []];134938
abs2n25,dat;24;8;2;380;30;3600;13925,633;4,56%;45;12575,63;[[0, 2,59], [3,18, 3,25], [3,01, 0], [3,48, 2,96], [0, 3,59], [3,37, 3,51], [0, 0], [0, 0]];74,60%;3,38;[[[0, 20, 1, 22, 17, 11, 2, 25, 0]], [[0, 4, 1, 3, 23, 21, 14, 18, 6, 9, 25, 0], [0, 13, 12, 24, 5, 16, 19, 11, 7, 2, 25, 0]], [[0, 15, 4, 12, 24, 19, 22, 17, 10, 8, 25, 0]], [[0, 13, 5, 16, 24, 19, 22, 11, 3, 2, 25, 0], [0, 4, 20, 1, 23, 21, 14, 18, 6, 9, 25, 0]], [[0, 4, 20, 1, 12, 19, 17, 10, 8, 7, 2, 6, 9, 25, 0]], [[0, 4, 5, 16, 24, 19, 22, 17, 11, 8, 25, 0], [0, 15, 13, 14, 18, 6, 21, 1, 3, 2, 25, 0]], [], []];116286
abs2n25,dat;24;8;2;380;10;3600;12643,726;6,85%;116;11483,73;[[0, 0], [3,22, 3,2], [2,55, 3,68], [2,65, 3,53], [3,13, 0], [3,78, 3,74], [0, 0], [0, 0]];85,08%;2,96;[[], [[0, 15, 5, 16, 24, 19, 22, 11, 2, 25, 0], [0, 13, 4, 20, 1, 3, 23, 6, 18, 25, 0]], [[0, 14, 21, 7, 2, 9, 25, 0], [0, 4, 12, 22, 17, 10, 8, 25, 0]], [[0, 4, 20, 1, 23, 21, 6, 18, 25, 0], [0, 13, 15, 5, 16, 24, 19, 11, 3, 2, 25, 0]], [[0, 4, 12, 19, 22, 17, 10, 8, 7, 2, 9, 25, 0]], [[0, 4, 20, 1, 3, 6, 21, 14, 18, 25, 0], [0, 13, 15, 5, 16, 24, 19, 22, 17, 11, 2, 25, 0]], [], []];69085
abs3n25,dat;24;8;1;728;50;1547,76;12607,139;0,00%;29;11157,14;[[3,29], [3,95], [3,69], [3,82], [3,83], [3,58], [3,69], [0]];76,47%;3,42;[[[0, 16, 2, 7, 3, 14, 23, 22, 15, 4, 25, 0]], [[0, 9, 24, 10, 12, 2, 11, 21, 17, 18, 8, 1, 6, 20, 19, 25, 0]], [[0, 2, 7, 3, 5, 14, 23, 22, 13, 15, 4, 25, 0]], [[0, 9, 24, 16, 2, 11, 21, 17, 18, 8, 1, 6, 20, 19, 25, 0]], [[0, 10, 12, 2, 7, 3, 5, 14, 23, 22, 13, 15, 4, 19, 25, 0]], [[0, 9, 24, 21, 17, 18, 8, 1, 6, 20, 19, 15, 25, 0]], [[0, 16, 11, 2, 7, 3, 5, 14, 23, 22, 15, 4, 19, 25, 0]], []];155689
abs3n25,dat;24;8;1;728;30;309,33;11800,566;0,00%;54;10180,57;[[3,0], [3,86], [3,45], [3,74], [3,8], [3,94], [2,77], [0]];81,71%;2,96;[[[0, 7, 2, 11, 21, 8, 19, 25, 0]], [[0, 10, 12, 2, 7, 3, 5, 14, 23, 22, 13, 15, 4, 25, 0]], [[0, 9, 24, 16, 11, 4, 21, 17, 18, 8, 1, 6, 20, 19, 25, 0]], [[0, 10, 12, 2, 7, 3, 5, 14, 23, 22, 13, 15, 25, 0]], [[0, 9, 24, 16, 11, 4, 21, 17, 18, 8, 1, 6, 20, 19, 25, 0]], [[0, 10, 12, 2, 7, 3, 5, 14, 23, 22, 13, 15, 25, 0]], [[0, 18, 8, 19, 4, 21, 25, 0]], []];21957
abs3n25,dat;24;8;1;728;10;1108,01;10470,365;0,00%;146;9010,37;[[3,0], [3,86], [3,45], [3,74], [3,8], [3,89], [0], [0]];80,73%;2,75;[[[0, 7, 2, 11, 21, 8, 19, 25, 0]], [[0, 10, 12, 2, 7, 3, 5, 14, 23, 22, 13, 15, 4, 25, 0]], [[0, 9, 24, 16, 11, 4, 21, 17, 18, 8, 1, 6, 20, 19, 25, 0]], [[0, 10, 12, 2, 7, 3, 5, 14, 23, 22, 13, 15, 25, 0]], [[0, 9, 24, 16, 11, 4, 21, 17, 18, 8, 1, 6, 20, 19, 25, 0]], [[0, 10, 2, 7, 3, 5, 14, 23, 22, 13, 15, 4, 25, 0]], [], []];59854
abs3n25,dat;24;8;2;364;50;3600;13390,631;4,12%;8;12990,63;[[2,68, 0], [2,8, 3,38], [0, 2,5], [3,3, 2,48], [2,28, 2,86], [3,74, 0], [0, 2,93], [0, 0]];69,24%;3,62;[[[0, 11, 2, 7, 3, 5, 14, 4, 25, 0]], [[0, 9, 24, 21, 17, 18, 8, 1, 6, 20, 19, 25, 0], [0, 10, 12, 2, 7, 3, 14, 23, 22, 15, 4, 25, 0]], [[0, 16, 11, 4, 15, 13, 22, 19, 25, 0]], [[0, 16, 2, 7, 3, 5, 14, 23, 22, 13, 19, 25, 0], [0, 9, 24, 18, 8, 6, 20, 21, 25, 0]], [[0, 24, 17, 8, 1, 6, 20, 19, 25, 0], [0, 10, 12, 2, 7, 3, 5, 14, 15, 4, 25, 0]], [[0, 9, 18, 8, 19, 23, 22, 13, 15, 4, 11, 21, 25, 0]], [[0, 16, 2, 7, 3, 5, 14, 15, 4, 19, 25, 0]], []];75053
abs3n25,dat;24;8;2;364;30;3600,01;12869,882;6,36%;33;11879,88;[[2,85, 0], [3,34, 2,56], [3,27, 0], [0, 3,4], [2,86, 3,07], [2,16, 3,53], [0, 0], [0, 0]];69,92%;3,33;[[[0, 16, 11, 2, 7, 3, 14, 4, 21, 25, 0]], [[0, 10, 12, 2, 3, 14, 23, 22, 13, 15, 4, 25, 0], [0, 9, 24, 17, 18, 8, 1, 6, 20, 19, 25, 0]], [[0, 9, 24, 16, 11, 2, 7, 3, 5, 14, 15, 4, 21, 25, 0]], [[0, 18, 8, 6, 20, 23, 22, 13, 19, 25, 0]], [[0, 10, 12, 2, 7, 3, 14, 15, 25, 0], [0, 9, 24, 16, 11, 4, 21, 17, 8, 1, 19, 25, 0]], [[0, 18, 8, 6, 20, 19, 25, 0], [0, 2, 7, 3, 5, 14, 23, 22, 13, 15, 4, 21, 25, 0]], [], []];62525
abs3n25,dat;24;8;2;364;10;3600;11183,031;2,98%;113;10053,03;[[0, 0], [3,31, 2,89], [3,75, 0], [2,79, 3,6], [3,19, 0], [2,92, 3,48], [0, 0], [0, 0]];85,99%;2,71;[[], [[0, 10, 12, 2, 7, 3, 5, 14, 21, 25, 0], [0, 9, 24, 16, 11, 4, 15, 22, 23, 19, 25, 0]], [[0, 17, 18, 8, 1, 6, 20, 25, 0]], [[0, 10, 12, 2, 7, 3, 5, 14, 15, 25, 0], [0, 9, 24, 21, 4, 13, 22, 23, 19, 25, 0]], [[0, 16, 11, 21, 17, 8, 1, 6, 20, 19, 25, 0]], [[0, 10, 12, 2, 7, 3, 5, 14, 4, 25, 0], [0, 9, 24, 18, 8, 19, 23, 22, 13, 15, 25, 0]], [], []];57065
abs4n25,dat;24;8;1;783;50;139,97;12515,142;0,00%;17;11665,14;[[3,46], [3,97], [3,46], [3,78], [3,97], [3,92], [3,56], [0]];73,44%;3,92;[[[0, 21, 23, 10, 17, 1, 5, 11, 13, 3, 7, 9, 25, 0]], [[0, 15, 11, 23, 21, 4, 6, 20, 18, 8, 12, 14, 3, 2, 9, 25, 0]], [[0, 24, 15, 11, 5, 16, 1, 17, 10, 23, 21, 4, 19, 22, 18, 25, 0]], [[0, 21, 4, 6, 20, 18, 22, 8, 12, 13, 3, 14, 7, 2, 9, 25, 0]], [[0, 24, 15, 11, 5, 16, 1, 17, 10, 23, 21, 4, 19, 6, 20, 8, 25, 0]], [[0, 15, 21, 6, 20, 18, 8, 12, 13, 3, 14, 7, 2, 9, 25, 0]], [[0, 15, 11, 5, 1, 17, 10, 23, 21, 4, 19, 22, 8, 18, 25, 0]], []];17017
abs4n25,dat;24;8;1;783;30;294,29;12111,385;0,00%;23;11421,38;[[3,15], [3,92], [3,59], [3,94], [3,94], [3,97], [3,5], [0]];73,10%;3,92;[[[0, 21, 23, 10, 17, 1, 5, 11, 12, 2, 9, 25, 0]], [[0, 14, 3, 13, 11, 15, 21, 23, 4, 19, 6, 20, 22, 8, 18, 25, 0]], [[0, 4, 21, 23, 10, 17, 1, 16, 5, 11, 15, 24, 12, 7, 2, 9, 25, 0]], [[0, 8, 22, 18, 20, 6, 19, 4, 21, 24, 13, 3, 14, 2, 9, 25, 0]], [[0, 15, 11, 5, 16, 1, 17, 10, 23, 21, 4, 19, 6, 20, 22, 8, 25, 0]], [[0, 12, 8, 18, 20, 6, 21, 15, 24, 13, 3, 14, 7, 2, 9, 25, 0]], [[0, 15, 11, 5, 1, 17, 10, 23, 21, 4, 19, 8, 18, 25, 0]], []];30713
abs4n25,dat;24;8;1;783;10;443,61;10874,669;0,00%;78;10094,67;[[2,75], [3,84], [3,64], [3,54], [3,64], [4,0], [2,94], [0]];83,05%;3,29;[[[0, 15, 11, 23, 21, 4, 6, 20, 18, 8, 25, 0]], [[0, 21, 23, 10, 17, 1, 16, 5, 11, 13, 14, 3, 9, 25, 0]], [[0, 24, 15, 21, 4, 19, 6, 20, 18, 22, 8, 12, 7, 2, 25, 0]], [[0, 21, 23, 10, 17, 1, 16, 5, 11, 13, 14, 3, 9, 25, 0]], [[0, 24, 15, 21, 4, 19, 6, 20, 18, 22, 8, 12, 7, 2, 9, 25, 0]], [[0, 15, 23, 10, 17, 1, 16, 5, 11, 13, 14, 3, 9, 25, 0]], [[0, 21, 4, 19, 6, 20, 18, 8, 25, 0]], []];27441
abs4n25,dat;24;8;2;392;50;3600,01;13591,502;1,79%;14;12891,5;[[3,89, 0], [0, 2,93], [3,26, 2,66], [0, 2,66], [2,81, 3,47], [3,4, 0], [3,42, 0], [0, 0]];68,78%;4,04;[[[0, 4, 21, 23, 10, 17, 1, 16, 5, 11, 15, 12, 14, 3, 2, 9, 25, 0]], [[0, 15, 11, 23, 21, 4, 6, 20, 22, 8, 18, 25, 0]], [[0, 11, 5, 16, 1, 17, 10, 23, 21, 4, 19, 18, 25, 0], [0, 15, 24, 13, 3, 14, 12, 7, 2, 9, 25, 0]], [[0, 21, 4, 19, 6, 20, 18, 22, 8, 9, 25, 0]], [[0, 4, 23, 21, 15, 24, 13, 3, 14, 7, 2, 9, 25, 0], [0, 11, 5, 16, 1, 17, 10, 6, 20, 22, 8, 25, 0]], [[0, 15, 21, 4, 19, 6, 20, 18, 8, 12, 3, 9, 25, 0]], [[0, 15, 11, 5, 1, 17, 10, 23, 21, 4, 8, 18, 25, 0]], []];77855
abs4n25,dat;24;8;2;392;30;3600,01;13437,737;5,29%;42;12177,74;[[3,26, 0], [2,83, 2,47], [0, 3,27], [3,57, 2,26], [0, 3,03], [2,67, 3,75], [0, 0], [0, 0]];68,21%;3,79;[[[0, 24, 11, 5, 16, 1, 17, 10, 23, 21, 4, 19, 18, 25, 0]], [[0, 15, 11, 23, 21, 4, 6, 20, 22, 8, 18, 25, 0], [0, 12, 13, 3, 14, 7, 2, 9, 25, 0]], [[0, 24, 15, 11, 5, 1, 17, 10, 23, 21, 4, 18, 25, 0]], [[0, 21, 23, 10, 17, 1, 16, 5, 11, 13, 3, 14, 2, 9, 25, 0], [0, 4, 19, 6, 20, 22, 8, 18, 25, 0]], [[0, 24, 15, 21, 4, 6, 20, 22, 8, 12, 7, 2, 9, 25, 0]], [[0, 15, 11, 21, 4, 19, 6, 20, 18, 8, 25, 0], [0, 23, 10, 17, 1, 16, 5, 13, 14, 3, 9, 25, 0]], [], []];96144
abs4n25,dat;24;8;2;392;10;3600,01;11906,825;6,49%;113;10776,82;[[0, 0], [3,39, 2,44], [2,27, 3,57], [3,2, 0], [2,51, 2,4], [2,42, 3,83], [0, 0], [0, 0]];84,51%;3,04;[[], [[0, 23, 10, 17, 1, 16, 5, 11, 2, 9, 25, 0], [0, 15, 21, 4, 6, 20, 18, 8, 25, 0]], [[0, 24, 15, 21, 4, 6, 19, 22, 8, 18, 25, 0], [0, 12, 13, 3, 14, 7, 2, 9, 25, 0]], [[0, 11, 5, 16, 1, 17, 10, 23, 20, 18, 25, 0]], [[0, 12, 14, 3, 7, 2, 9, 25, 0], [0, 24, 15, 21, 4, 6, 19, 22, 8, 25, 0]], [[0, 15, 21, 4, 19, 6, 20, 18, 8, 25, 0], [0, 23, 10, 17, 1, 16, 5, 11, 13, 3, 9, 25, 0]], [], []];79274
abs5n25,dat;24;8;1;747;50;3600,01;19069,391;33,85%;153;11419,39;[[3,71], [3,88], [3,95], [3,97], [3,77], [3,53], [4,0], [0]];78,31%;3,21;[[[0, 19, 3, 9, 23, 24, 7, 18, 14, 16, 4, 25, 0]], [[0, 2, 11, 5, 13, 17, 6, 3, 14, 12, 15, 21, 10, 25, 0]], [[0, 20, 1, 21, 15, 16, 9, 24, 7, 18, 8, 4, 22, 25, 0]], [[0, 2, 11, 5, 13, 6, 3, 19, 9, 23, 14, 12, 21, 25, 0]], [[0, 2, 5, 20, 1, 15, 16, 14, 24, 7, 18, 8, 4, 22, 25, 0]], [[0, 13, 17, 3, 9, 6, 15, 21, 25, 0]], [[0, 11, 5, 15, 12, 16, 14, 24, 7, 18, 8, 4, 25, 0]], []];216813
abs5n25,dat;24;8;1;747;30;3600;15227,309;21,64%;135;11177,31;[[3,64], [3,91], [4,0], [3,97], [3,8], [3,79], [3,98], [0]];76,01%;3,29;[[[0, 19, 3, 9, 23, 24, 7, 18, 14, 12, 4, 25, 0]], [[0, 2, 11, 5, 20, 1, 13, 17, 6, 14, 16, 15, 21, 10, 22, 25, 0]], [[0, 6, 3, 9, 24, 7, 18, 8, 4, 12, 16, 21, 25, 0]], [[0, 2, 11, 5, 20, 13, 17, 19, 9, 23, 14, 16, 15, 21, 25, 0]], [[0, 11, 5, 20, 1, 6, 3, 9, 24, 7, 18, 8, 4, 22, 25, 0]], [[0, 2, 5, 13, 6, 16, 14, 12, 15, 21, 25, 0]], [[0, 17, 3, 9, 19, 24, 7, 18, 8, 4, 25, 0]], []];230727
abs5n25,dat;24;8;1;747;10;3600,01;11509,245;4,78%;200;9509,25;[[3,76], [3,98], [3,75], [3,7], [3,93], [3,92], [0], [0]];76,76%;2,92;[[[0, 2, 11, 5, 21, 15, 16, 14, 23, 7, 8, 4, 25, 0]], [[0, 17, 13, 6, 3, 9, 19, 24, 7, 18, 14, 12, 22, 25, 0]], [[0, 2, 11, 5, 20, 1, 6, 16, 14, 12, 15, 21, 10, 25, 0]], [[0, 13, 3, 19, 9, 23, 24, 7, 18, 8, 4, 25, 0]], [[0, 2, 11, 5, 20, 1, 13, 17, 6, 14, 16, 15, 21, 22, 25, 0]], [[0, 13, 6, 3, 9, 24, 7, 18, 14, 16, 12, 8, 4, 25, 0]], [], []];187467
abs5n25,dat;24;8;2;374;50;3600,01;13884,138;5,04%;19;12934,14;[[0, 3,61], [3,12, 0], [3,41, 3,2], [3,61, 2,34], [3,79, 0], [3,64, 3,18], [0, 0], [0, 0]];66,66%;3,67;[[[0, 13, 6, 3, 9, 23, 24, 7, 18, 14, 12, 4, 22, 25, 0]], [[0, 2, 11, 5, 20, 1, 21, 15, 16, 14, 22, 25, 0]], [[0, 19, 3, 9, 24, 7, 18, 8, 4, 25, 0], [0, 17, 13, 6, 16, 14, 12, 15, 21, 10, 25, 0]], [[0, 13, 17, 19, 9, 23, 24, 7, 18, 8, 4, 22, 25, 0], [0, 2, 11, 5, 20, 1, 21, 25, 0]], [[0, 5, 13, 6, 3, 9, 14, 16, 15, 21, 10, 25, 0]], [[0, 17, 13, 6, 3, 9, 19, 24, 7, 18, 8, 4, 25, 0], [0, 2, 11, 5, 20, 1, 21, 15, 16, 14, 12, 22, 25, 0]], [], []];148569
abs5n25,dat;24;8;2;374;30;3600,01;13059,114;3,41%;34;12039,11;[[0, 3,98], [0, 3,25], [3,52, 3,3], [0, 3,91], [0, 3,18], [3,51, 3,59], [0, 0], [0, 0]];68,99%;3,46;[[[0, 2, 11, 5, 13, 17, 3, 9, 24, 7, 18, 14, 12, 8, 4, 25, 0]], [[0, 6, 3, 9, 23, 14, 16, 15, 21, 22, 25, 0]], [[0, 19, 9, 24, 7, 18, 14, 16, 12, 4, 22, 25, 0], [0, 17, 13, 2, 11, 5, 20, 1, 15, 21, 10, 25, 0]], [[0, 13, 6, 3, 9, 23, 24, 7, 8, 4, 15, 21, 22, 25, 0]], [[0, 2, 11, 5, 20, 1, 6, 14, 16, 15, 22, 25, 0]], [[0, 19, 3, 9, 24, 7, 18, 8, 4, 25, 0], [0, 5, 13, 17, 6, 16, 14, 12, 15, 21, 10, 25, 0]], [], []];108342
abs5n25,dat;24;8;2;374;10;3600;12011,037;4,38%;67;11341,04;[[0, 0], [3,24, 3,99], [2,73, 2,68], [3,36, 0], [3,45, 3,5], [0, 3,95], [0, 0], [0, 0]];75,08%;3,08;[[], [[0, 2, 11, 5, 21, 15, 16, 14, 12, 25, 0], [0, 13, 6, 3, 19, 9, 23, 24, 7, 18, 25, 0]], [[0, 17, 13, 6, 16, 12, 8, 4, 22, 25, 0], [0, 2, 11, 5, 20, 1, 21, 10, 25, 0]], [[0, 3, 9, 24, 7, 18, 14, 16, 15, 22, 25, 0]], [[0, 2, 11, 5, 20, 1, 6, 16, 15, 21, 10, 25, 0], [0, 13, 17, 3, 19, 9, 23, 14, 12, 8, 4, 22, 25, 0]], [[0, 5, 13, 6, 3, 9, 24, 7, 18, 14, 16, 15, 21, 25, 0]], [], []];74193
abs1n30,dat;29;8;1;823;50;3600,02;14420,839;20,40%;75;10670,84;[[3,24], [3,98], [3,52], [3,82], [3,84], [3,98], [3,61], [0]];77,45%;3,07;[[[0, 25, 18, 11, 19, 23, 10, 9, 2, 26, 21, 3, 30, 0]], [[0, 29, 11, 8, 20, 1, 12, 28, 16, 9, 27, 5, 2, 7, 4, 15, 14, 30, 0]], [[0, 25, 24, 18, 15, 4, 22, 17, 2, 26, 21, 3, 13, 6, 30, 0]], [[0, 29, 8, 11, 19, 23, 10, 9, 27, 5, 2, 21, 3, 13, 30, 0]], [[0, 18, 19, 12, 28, 20, 1, 16, 9, 27, 5, 22, 4, 15, 14, 6, 30, 0]], [[0, 29, 25, 24, 15, 7, 17, 10, 9, 27, 5, 2, 26, 21, 3, 13, 30, 0]], [[0, 8, 11, 19, 18, 15, 4, 30, 0]], []];125850
abs1n30,dat;29;8;1;823;30;3600,01;12589,246;11,65%;38;11449,25;[[2,93], [3,99], [3,92], [3,77], [3,91], [3,97], [3,54], [0]];75,24%;3,31;[[[0, 25, 18, 11, 19, 23, 12, 16, 9, 2, 30, 0]], [[0, 29, 11, 18, 14, 15, 4, 17, 10, 9, 27, 5, 2, 26, 21, 3, 30, 0]], [[0, 25, 24, 18, 11, 8, 20, 1, 28, 12, 23, 15, 4, 22, 7, 21, 3, 13, 6, 30, 0]], [[0, 29, 18, 19, 20, 1, 16, 9, 27, 5, 2, 26, 21, 6, 30, 0]], [[0, 25, 24, 11, 14, 15, 4, 22, 17, 10, 9, 27, 5, 2, 21, 3, 13, 30, 0]], [[0, 29, 11, 8, 20, 1, 28, 12, 23, 19, 18, 15, 4, 7, 21, 6, 30, 0]], [[0, 25, 18, 16, 9, 27, 5, 2, 26, 21, 3, 30, 0]], []];103690
abs1n30,dat;29;8;1;823;10;3600;11341,486;15,60%;191;9431,49;[[2,9], [3,46], [4,0], [3,9], [3,85], [3,97], [0], [0]];76,64%;2,79;[[[0, 25, 18, 19, 23, 12, 16, 9, 27, 5, 2, 30, 0]], [[0, 29, 11, 18, 14, 15, 4, 7, 2, 26, 21, 3, 13, 30, 0]], [[0, 25, 24, 18, 11, 8, 20, 1, 12, 28, 10, 9, 27, 5, 17, 22, 4, 15, 6, 30, 0]], [[0, 29, 18, 19, 23, 16, 9, 27, 5, 2, 26, 21, 3, 30, 0]], [[0, 25, 24, 11, 8, 20, 1, 28, 12, 19, 14, 15, 4, 22, 7, 21, 13, 6, 30, 0]], [[0, 29, 18, 15, 4, 17, 10, 9, 5, 2, 26, 21, 3, 30, 0]], [], []];78801
abs1n30,dat;29;8;2;412;50;3600;13146,295;8,08%;15;12396,29;[[0, 0], [3,34, 2,81], [3,35, 2,14], [3,41, 0], [1,86, 3,62], [3,81, 0], [0, 3,19], [0, 0]];74,76%;3,24;[[], [[0, 25, 17, 10, 9, 27, 5, 2, 26, 21, 3, 30, 0], [0, 29, 11, 12, 23, 19, 18, 14, 15, 4, 30, 0]], [[0, 18, 11, 8, 20, 1, 12, 28, 16, 27, 9, 15, 30, 0], [0, 24, 6, 4, 22, 7, 21, 3, 13, 30, 0]], [[0, 29, 18, 19, 23, 17, 10, 9, 27, 5, 2, 26, 21, 30, 0]], [[0, 25, 24, 14, 15, 4, 22, 7, 6, 30, 0], [0, 11, 8, 20, 1, 16, 27, 9, 10, 5, 2, 21, 3, 13, 30, 0]], [[0, 29, 25, 18, 19, 11, 8, 12, 28, 9, 27, 5, 21, 15, 30, 0]], [[0, 18, 15, 4, 17, 27, 5, 2, 26, 21, 3, 30, 0]], []];30500
abs1n30,dat;29;8;2;412;30;3600;13148,925;13,26%;60;11348,92;[[0, 1,41], [2,88, 3,18], [0,9, 3,42], [0, 2,89], [2,53, 3,46], [3,71, 1,88], [0, 0], [0, 0]];73,94%;3,1;[[[0, 11, 18, 14, 30, 0]], [[0, 29, 25, 15, 4, 22, 2, 26, 21, 3, 13, 30, 0], [0, 11, 18, 19, 23, 12, 28, 10, 9, 27, 5, 17, 7, 30, 0]], [[0, 25, 24, 6, 30, 0], [0, 18, 19, 11, 8, 20, 1, 16, 9, 27, 5, 2, 21, 30, 0]], [[0, 29, 14, 15, 4, 22, 2, 26, 21, 3, 13, 30, 0]], [[0, 11, 8, 20, 1, 28, 12, 23, 19, 18, 30, 0], [0, 24, 6, 15, 4, 17, 10, 9, 27, 5, 2, 21, 30, 0]], [[0, 18, 19, 11, 8, 16, 9, 27, 5, 2, 26, 21, 3, 13, 30, 0], [0, 29, 25, 14, 15, 4, 22, 7, 30, 0]], [], []];27870
abs1n30,dat;29;8;2;412;10;3600,02;12299,01;19,31%;96;11339,01;[[2,86, 0], [3,27, 1,59], [0, 3,47], [1,59, 3,22], [3,52, 2,87], [3,88, 0], [0, 0], [0, 0]];70,76%;3,1;[[[0, 11, 19, 23, 18, 4, 22, 7, 2, 26, 21, 3, 30, 0]], [[0, 18, 11, 12, 28, 16, 27, 9, 10, 5, 2, 22, 4, 30, 0], [0, 29, 25, 24, 14, 15, 6, 30, 0]], [[0, 11, 8, 20, 1, 17, 2, 26, 21, 3, 13, 30, 0]], [[0, 29, 25, 24, 14, 15, 6, 30, 0], [0, 18, 19, 10, 9, 27, 5, 2, 7, 4, 30, 0]], [[0, 25, 18, 16, 27, 9, 10, 17, 4, 22, 7, 21, 3, 13, 30, 0], [0, 29, 11, 8, 20, 1, 28, 12, 23, 14, 24, 6, 30, 0]], [[0, 11, 19, 18, 15, 4, 9, 27, 5, 2, 26, 21, 3, 30, 0]], [], []];31349
abs2n30,dat;29;8;1;910;50;3600,01;14488,989;23,72%;90;9988,99;[[3,56], [3,77], [3,88], [3,96], [3,84], [3,63], [3,57], [0]];76,85%;3,38;[[[0, 11, 17, 23, 12, 28, 21, 14, 27, 2, 18, 1, 22, 4, 8, 30, 0]], [[0, 25, 12, 28, 10, 9, 14, 26, 6, 3, 24, 23, 19, 17, 13, 11, 29, 30, 0]], [[0, 12, 24, 5, 21, 27, 2, 18, 7, 1, 22, 4, 20, 16, 15, 8, 30, 0]], [[0, 12, 28, 10, 9, 14, 26, 6, 24, 23, 19, 17, 13, 11, 29, 8, 30, 0]], [[0, 19, 25, 21, 14, 27, 2, 18, 1, 22, 4, 20, 16, 15, 8, 30, 0]], [[0, 25, 12, 10, 28, 5, 6, 3, 24, 23, 19, 17, 13, 11, 29, 30, 0]], [[0, 21, 14, 27, 18, 7, 1, 22, 4, 15, 8, 30, 0]], []];131402
abs2n30,dat;29;8;1;910;30;3600,01;10878,72;2,49%;30;9978,72;[[3,46], [3,67], [3,9], [3,92], [3,77], [3,62], [3,49], [0]];75,86%;3,48;[[[0, 11, 17, 23, 12, 28, 14, 27, 2, 18, 1, 22, 4, 8, 30, 0]], [[0, 25, 12, 28, 21, 14, 26, 5, 6, 3, 24, 23, 19, 17, 13, 11, 29, 30, 0]], [[0, 25, 24, 12, 10, 9, 27, 2, 18, 7, 1, 22, 4, 20, 16, 15, 8, 30, 0]], [[0, 12, 28, 21, 14, 26, 5, 6, 3, 24, 23, 19, 17, 13, 11, 29, 8, 30, 0]], [[0, 10, 9, 14, 27, 2, 18, 7, 1, 22, 4, 20, 16, 15, 8, 30, 0]], [[0, 25, 12, 28, 21, 5, 6, 3, 24, 23, 19, 17, 13, 11, 29, 8, 30, 0]], [[0, 19, 24, 26, 14, 27, 18, 1, 22, 4, 15, 8, 30, 0]], []];110039
abs2n30,dat;29;8;1;910;10;3600,01;10067,41;6,24%;58;9487,41;[[3,05], [4,0], [3,97], [3,79], [3,82], [3,43], [3,44], [0]];80,30%;3,24;[[[0, 25, 12, 28, 21, 14, 27, 2, 18, 1, 22, 4, 8, 30, 0]], [[0, 10, 12, 28, 14, 26, 6, 3, 24, 23, 19, 17, 13, 11, 29, 30, 0]], [[0, 25, 24, 5, 21, 14, 9, 27, 2, 18, 7, 1, 22, 4, 20, 16, 15, 8, 30, 0]], [[0, 12, 28, 21, 26, 6, 3, 24, 23, 19, 17, 13, 11, 29, 8, 30, 0]], [[0, 10, 9, 14, 27, 2, 18, 7, 1, 22, 4, 20, 16, 15, 8, 30, 0]], [[0, 25, 12, 28, 21, 5, 6, 3, 24, 23, 19, 17, 13, 11, 29, 30, 0]], [[0, 26, 14, 27, 18, 1, 22, 4, 15, 8, 30, 0]], []];105542
abs2n30,dat;29;8;2;455;50;3600;12977,419;12,37%;7;12627,42;[[0, 3,77], [3,39, 1,12], [3,1, 2,66], [3,48, 0], [3,74, 3,1], [3,74, 0], [0, 3,38], [0, 0]];68,53%;3,86;[[[0, 11, 13, 17, 19, 23, 25, 12, 28, 14, 27, 2, 18, 1, 22, 4, 20, 8, 30, 0]], [[0, 23, 24, 3, 6, 26, 14, 21, 28, 12, 10, 7, 30, 0], [0, 11, 29, 30, 0]], [[0, 9, 27, 2, 18, 1, 22, 4, 20, 16, 15, 30, 0], [0, 25, 12, 5, 24, 23, 19, 17, 13, 11, 8, 30, 0]], [[0, 25, 12, 28, 21, 14, 26, 6, 24, 19, 17, 13, 29, 8, 30, 0]], [[0, 19, 23, 24, 3, 6, 5, 21, 14, 27, 2, 18, 9, 10, 30, 0], [0, 11, 13, 7, 1, 22, 4, 20, 16, 15, 8, 30, 0]], [[0, 25, 12, 28, 27, 26, 6, 24, 23, 19, 17, 13, 11, 29, 8, 30, 0]], [[0, 19, 24, 5, 21, 14, 27, 18, 1, 22, 4, 15, 8, 30, 0]], []];35135
abs2n30,dat;29;8;2;455;30;3600,01;12374,738;12,42%;32;11414,74;[[3,49, 0], [3,65, 0], [3,32, 3,04], [3,64, 1,57], [3,83, 0], [3,14, 3,12], [0, 0], [0, 0]];67,81%;3,66;[[[0, 11, 13, 17, 23, 25, 12, 28, 21, 14, 7, 1, 22, 4, 20, 8, 30, 0]], [[0, 12, 9, 2, 27, 14, 26, 6, 24, 23, 19, 11, 29, 30, 0]], [[0, 25, 12, 9, 27, 18, 1, 22, 4, 16, 15, 8, 30, 0], [0, 10, 28, 21, 5, 6, 3, 24, 23, 19, 17, 13, 11, 30, 0]], [[0, 25, 24, 12, 28, 21, 14, 27, 2, 18, 22, 1, 7, 20, 8, 30, 0], [0, 19, 17, 13, 11, 29, 30, 0]], [[0, 19, 23, 6, 26, 14, 27, 9, 7, 1, 16, 4, 20, 8, 30, 0]], [[0, 10, 21, 5, 6, 3, 24, 23, 19, 17, 13, 11, 29, 30, 0], [0, 25, 12, 28, 14, 27, 2, 18, 1, 22, 4, 15, 8, 30, 0]], [], []];22335
abs2n30,dat;29;8;2;455;10;3600,01;11263,23;17,06%;94;10323,23;[[0, 0], [3,29, 3,21], [2,48, 3,34], [3,09, 0], [2,47, 3,29], [3,59, 3,16], [0, 0], [0, 0]];82,75%;3;[[], [[0, 25, 28, 14, 27, 2, 18, 22, 1, 8, 30, 0], [0, 12, 6, 3, 24, 23, 19, 17, 13, 11, 29, 30, 0]], [[0, 7, 1, 22, 4, 20, 16, 15, 8, 30, 0], [0, 25, 24, 5, 21, 26, 14, 27, 9, 10, 12, 30, 0]], [[0, 12, 28, 21, 6, 3, 24, 23, 19, 17, 13, 11, 29, 30, 0]], [[0, 10, 7, 1, 4, 20, 8, 30, 0], [0, 12, 28, 14, 9, 27, 2, 18, 22, 30, 0]], [[0, 25, 28, 21, 26, 14, 27, 18, 1, 22, 4, 16, 15, 8, 30, 0], [0, 12, 5, 6, 3, 24, 23, 19, 17, 13, 11, 29, 30, 0]], [], []];20499
abs3n30,dat;29;8;1;858;50;968,61;10576,659;0,00%;14;9876,66;[[1,69], [3,97], [3,55], [3,98], [2,22], [3,73], [2,71], [0]];75,16%;3,34;[[[0, 11, 9, 25, 18, 3, 12, 2, 30, 0]], [[0, 10, 29, 22, 24, 17, 14, 20, 27, 21, 16, 26, 23, 18, 3, 2, 30, 0]], [[0, 22, 8, 7, 15, 5, 13, 12, 28, 4, 18, 25, 19, 27, 21, 1, 9, 11, 6, 30, 0]], [[0, 10, 29, 8, 22, 24, 17, 14, 20, 9, 27, 21, 16, 26, 23, 19, 18, 3, 2, 30, 0]], [[0, 6, 11, 17, 14, 20, 1, 21, 27, 9, 2, 30, 0]], [[0, 10, 24, 22, 8, 29, 7, 15, 5, 13, 12, 28, 4, 3, 18, 25, 19, 27, 21, 20, 9, 30, 0]], [[0, 10, 17, 14, 21, 27, 16, 26, 18, 2, 30, 0]], []];41762
abs3n30,dat;29;8;1;858;30;206,62;9976,283;0,00%;51;8446,28;[[1,35], [3,99], [3,38], [3,18], [3,5], [3,54], [1,6], [0]];77,36%;3,14;[[[0, 11, 9, 25, 18, 3, 2, 30, 0]], [[0, 10, 7, 29, 8, 22, 24, 17, 14, 20, 27, 21, 16, 26, 23, 2, 30, 0]], [[0, 6, 11, 9, 1, 21, 27, 19, 25, 18, 3, 4, 28, 12, 13, 5, 15, 2, 30, 0]], [[0, 10, 29, 8, 22, 24, 17, 14, 20, 1, 21, 27, 9, 2, 30, 0]], [[0, 6, 11, 9, 20, 27, 21, 16, 26, 23, 19, 25, 18, 3, 4, 28, 12, 13, 5, 2, 30, 0]], [[0, 10, 15, 7, 29, 8, 22, 24, 17, 14, 20, 1, 21, 27, 9, 30, 0]], [[0, 2, 25, 3, 18, 19, 27, 21, 30, 0]], []];9375
abs3n30,dat;29;8;1;858;10;215,41;8593,185;0,00%;101;7583,19;[[0,77], [3,98], [3,55], [3,33], [3,68], [4,0], [0], [0]];81,39%;2,79;[[[0, 6, 11, 9, 30, 0]], [[0, 10, 7, 29, 8, 22, 24, 17, 14, 20, 21, 27, 25, 18, 3, 2, 30, 0]], [[0, 15, 5, 13, 12, 28, 4, 3, 18, 19, 23, 26, 16, 21, 27, 1, 9, 30, 0]], [[0, 6, 10, 29, 8, 22, 24, 17, 14, 20, 11, 9, 2, 30, 0]], [[0, 15, 5, 13, 12, 28, 4, 3, 18, 25, 19, 23, 26, 16, 21, 27, 1, 20, 11, 6, 30, 0]], [[0, 10, 7, 29, 8, 22, 24, 17, 14, 20, 9, 21, 27, 19, 18, 3, 2, 30, 0]], [], []];9629
abs3n30,dat;29;8;2;429;50;3600;11078,658;4,69%;19;10128,66;[[1,62, 0], [2,8, 2,33], [0, 2,3], [2,12, 2,71], [2,36, 0], [2,48, 2,41], [0, 1,8], [0, 0]];74,10%;3,34;[[[0, 2, 12, 4, 3, 18, 9, 30, 0]], [[0, 10, 7, 29, 8, 22, 24, 17, 14, 11, 30, 0], [0, 6, 20, 1, 27, 21, 16, 26, 23, 18, 3, 25, 2, 30, 0]], [[0, 15, 5, 13, 12, 28, 4, 18, 19, 27, 21, 9, 30, 0]], [[0, 6, 9, 27, 21, 16, 26, 23, 18, 3, 2, 30, 0], [0, 10, 29, 8, 22, 24, 17, 14, 20, 11, 30, 0]], [[0, 6, 11, 9, 20, 14, 1, 21, 27, 19, 18, 25, 2, 30, 0]], [[0, 10, 7, 29, 8, 22, 24, 17, 14, 20, 9, 30, 0], [0, 15, 5, 13, 12, 28, 4, 3, 18, 19, 27, 21, 30, 0]], [[0, 2, 25, 18, 26, 16, 21, 27, 30, 0]], []];25817
abs3n30,dat;29;8;2;429;30;3600,01;10430,499;4,83%;42;9170,5;[[0, 0,82], [2,82, 2,56], [2,57, 0], [1,66, 2,71], [2,52, 0], [3,04, 2,15], [1,32, 0], [0, 0]];76,58%;3,21;[[[0, 6, 9, 2, 30, 0]], [[0, 10, 7, 29, 8, 22, 24, 17, 14, 20, 30, 0], [0, 11, 9, 27, 21, 16, 26, 23, 19, 18, 3, 25, 2, 30, 0]], [[0, 15, 5, 13, 12, 28, 4, 18, 27, 21, 1, 9, 30, 0]], [[0, 6, 9, 21, 27, 19, 18, 3, 25, 2, 30, 0], [0, 10, 29, 8, 22, 24, 17, 14, 20, 11, 30, 0]], [[0, 6, 11, 9, 20, 1, 27, 21, 16, 26, 23, 19, 18, 25, 2, 30, 0]], [[0, 7, 29, 8, 22, 24, 17, 14, 20, 21, 27, 9, 30, 0], [0, 10, 15, 5, 13, 12, 28, 4, 3, 18, 30, 0]], [[0, 2, 25, 18, 19, 27, 21, 30, 0]], []];30905
abs3n30,dat;29;8;2;429;10;3600;9129,208;5,13%;100;8129,21;[[0, 0], [2,58, 2,82], [2,23, 1,23], [0, 2,67], [2,23, 2,43], [1,64, 2,77], [0, 0], [0, 0]];82,41%;2,76;[[], [[0, 11, 9, 27, 21, 16, 26, 23, 18, 3, 2, 30, 0], [0, 10, 7, 29, 8, 22, 24, 17, 14, 20, 30, 0]], [[0, 15, 5, 13, 12, 28, 4, 3, 18, 25, 2, 30, 0], [0, 6, 9, 1, 21, 27, 19, 30, 0]], [[0, 10, 29, 8, 22, 24, 17, 14, 20, 9, 30, 0]], [[0, 15, 5, 13, 12, 28, 4, 3, 18, 25, 2, 30, 0], [0, 6, 11, 20, 1, 27, 21, 16, 26, 23, 19, 30, 0]], [[0, 2, 3, 18, 19, 27, 21, 9, 30, 0], [0, 10, 7, 29, 8, 22, 24, 17, 14, 20, 30, 0]], [], []];25543
abs4n30,dat;29;8;1;969;50;3600,01;12632,515;1,79%;50;10132,52;[[3,08], [3,82], [3,77], [3,95], [3,9], [3,92], [3,33], [0]];80,46%;3,41;[[[0, 3, 1, 4, 20, 27, 5, 2, 21, 16, 28, 12, 18, 25, 30, 0]], [[0, 3, 6, 7, 26, 17, 14, 11, 13, 29, 10, 19, 15, 23, 25, 30, 0]], [[0, 24, 9, 27, 20, 4, 1, 22, 5, 2, 21, 16, 28, 12, 18, 8, 25, 30, 0]], [[0, 27, 20, 4, 1, 6, 3, 26, 17, 13, 11, 29, 10, 19, 15, 23, 30, 0]], [[0, 14, 9, 24, 27, 20, 4, 1, 22, 5, 2, 21, 16, 28, 12, 18, 8, 25, 30, 0]], [[0, 3, 6, 7, 26, 17, 13, 11, 29, 10, 19, 15, 23, 30, 0]], [[0, 1, 4, 20, 27, 5, 21, 16, 28, 12, 18, 8, 25, 30, 0]], []];247806
abs4n30,dat;29;8;1;969;30;290,04;11631,625;0,00%;52;10071,63;[[2,92], [3,92], [3,77], [3,95], [3,9], [3,92], [3,33], [0]];81,28%;3,38;[[[0, 1, 4, 20, 27, 5, 2, 21, 16, 28, 12, 18, 25, 30, 0]], [[0, 3, 6, 7, 26, 17, 14, 11, 13, 29, 10, 19, 15, 23, 25, 30, 0]], [[0, 24, 9, 27, 20, 4, 1, 22, 5, 2, 21, 16, 28, 12, 18, 8, 25, 30, 0]], [[0, 27, 20, 4, 1, 6, 3, 26, 17, 13, 11, 29, 10, 19, 15, 23, 30, 0]], [[0, 14, 9, 24, 27, 20, 4, 1, 22, 5, 2, 21, 16, 28, 12, 18, 8, 25, 30, 0]], [[0, 3, 6, 7, 26, 17, 13, 11, 29, 10, 19, 15, 23, 30, 0]], [[0, 1, 4, 20, 27, 5, 21, 16, 28, 12, 18, 8, 25, 30, 0]], []];21535
abs4n30,dat;29;8;1;969;10;345,96;10589,819;0,00%;53;10059,82;[[2,92], [3,92], [3,77], [3,88], [3,95], [3,92], [3,33], [0]];82,12%;3,34;[[[0, 1, 4, 20, 27, 5, 2, 21, 16, 28, 12, 18, 25, 30, 0]], [[0, 3, 6, 7, 26, 17, 14, 11, 13, 29, 10, 19, 15, 23, 25, 30, 0]], [[0, 24, 9, 27, 20, 4, 1, 22, 5, 2, 21, 16, 28, 12, 18, 8, 25, 30, 0]], [[0, 27, 20, 1, 6, 3, 26, 17, 13, 11, 29, 10, 19, 15, 23, 30, 0]], [[0, 14, 9, 24, 27, 20, 4, 1, 22, 5, 2, 21, 16, 28, 12, 18, 8, 25, 30, 0]], [[0, 3, 6, 7, 26, 17, 13, 11, 29, 10, 19, 15, 23, 30, 0]], [[0, 1, 4, 20, 27, 5, 21, 16, 28, 12, 18, 8, 25, 30, 0]], []];20564
abs4n30,dat;29;8;2;485;50;3600,01;12726,641;1,07%;23;11576,64;[[0, 2,53], [3,62, 2,77], [0, 3,21], [0, 3,53], [2,75, 2,94], [3,91, 0], [2,56, 0], [0, 0]];74,92%;3,59;[[[0, 3, 1, 21, 16, 28, 12, 18, 25, 30, 0]], [[0, 6, 7, 26, 17, 14, 11, 13, 29, 10, 19, 15, 23, 30, 0], [0, 3, 1, 22, 4, 20, 27, 5, 2, 12, 18, 8, 25, 30, 0]], [[0, 24, 9, 27, 20, 4, 5, 2, 21, 16, 28, 12, 18, 8, 25, 30, 0]], [[0, 27, 20, 4, 1, 6, 3, 11, 13, 29, 10, 19, 15, 23, 30, 0]], [[0, 27, 5, 2, 21, 16, 28, 12, 18, 8, 25, 30, 0], [0, 20, 4, 22, 1, 6, 7, 26, 17, 14, 24, 9, 30, 0]], [[0, 20, 27, 5, 1, 6, 3, 11, 13, 29, 10, 19, 15, 23, 25, 30, 0]], [[0, 27, 4, 5, 21, 16, 28, 12, 18, 8, 25, 30, 0]], []];102354
abs4n30,dat;29;8;2;485;30;3600;12189,211;0,45%;29;11319,21;[[0, 3,36], [0, 3,64], [2,36, 2,79], [0, 3,13], [3,23, 2,69], [0, 3,86], [2,56, 0], [0, 0]];74,57%;3,62;[[[0, 3, 6, 1, 4, 20, 27, 5, 2, 21, 16, 28, 12, 18, 8, 25, 30, 0]], [[0, 3, 7, 26, 17, 14, 11, 13, 29, 10, 19, 15, 23, 25, 30, 0]], [[0, 6, 1, 22, 4, 27, 24, 9, 23, 30, 0], [0, 20, 5, 2, 21, 16, 28, 12, 18, 8, 25, 30, 0]], [[0, 27, 20, 4, 1, 3, 14, 11, 13, 29, 10, 19, 15, 30, 0]], [[0, 17, 26, 7, 6, 1, 22, 4, 27, 24, 9, 23, 15, 30, 0], [0, 20, 5, 2, 21, 16, 28, 12, 18, 8, 25, 30, 0]], [[0, 20, 27, 5, 1, 6, 3, 14, 11, 13, 29, 10, 19, 15, 23, 25, 30, 0]], [[0, 27, 4, 5, 21, 16, 28, 12, 18, 8, 25, 30, 0]], []];91190
abs4n30,dat;29;8;2;485;10;3600,01;10888,266;0,80%;104;9848,27;[[0, 0], [3,69, 2,85], [0, 3,2], [2,97, 2,83], [3,12, 0], [2,9, 3,55], [0, 0], [0, 0]];85,74%;2,97;[[], [[0, 20, 1, 6, 3, 11, 13, 29, 10, 23, 15, 25, 30, 0], [0, 27, 4, 5, 2, 21, 16, 28, 12, 18, 8, 30, 0]], [[0, 14, 17, 26, 7, 6, 1, 22, 4, 27, 24, 9, 30, 0]], [[0, 3, 14, 11, 13, 29, 10, 19, 15, 23, 25, 30, 0], [0, 20, 4, 5, 2, 21, 16, 28, 12, 18, 8, 30, 0]], [[0, 17, 26, 7, 6, 1, 22, 4, 20, 27, 24, 9, 30, 0]], [[0, 27, 5, 2, 21, 16, 28, 12, 18, 8, 25, 30, 0], [0, 20, 4, 1, 6, 3, 14, 11, 13, 29, 10, 19, 15, 23, 30, 0]], [], []];54270
abs5n30,dat;29;8;1;910;50;3600,01;14976,115;29,71%;92;10376,12;[[3,8], [3,96], [4,0], [3,87], [3,93], [3,98], [3,75], [0]];75,60%;3,38;[[[0, 24, 1, 26, 3, 11, 28, 23, 16, 25, 9, 2, 21, 12, 30, 0]], [[0, 10, 7, 28, 11, 12, 27, 18, 2, 29, 4, 13, 9, 8, 14, 19, 25, 6, 30, 0]], [[0, 24, 1, 26, 20, 3, 5, 21, 22, 4, 2, 27, 19, 25, 16, 17, 15, 30, 0]], [[0, 24, 11, 28, 10, 23, 6, 19, 8, 9, 29, 2, 18, 27, 12, 30, 0]], [[0, 1, 20, 21, 22, 4, 13, 8, 14, 16, 25, 19, 27, 30, 0]], [[0, 24, 26, 1, 10, 7, 28, 11, 3, 5, 29, 2, 27, 19, 6, 17, 15, 30, 0]], [[0, 24, 12, 27, 18, 21, 4, 8, 16, 19, 25, 30, 0]], []];132880
abs5n30,dat;29;8;1;910;30;3600,02;10712,497;5,69%;40;9512,5;[[3,27], [3,88], [3,7], [3,98], [3,99], [3,94], [3,37], [0]];75,20%;3,45;[[[0, 24, 1, 26, 20, 3, 11, 28, 10, 23, 16, 25, 15, 30, 0]], [[0, 11, 12, 27, 18, 2, 21, 22, 29, 4, 13, 9, 8, 14, 19, 25, 6, 17, 30, 0]], [[0, 24, 26, 1, 10, 7, 23, 16, 25, 19, 27, 12, 5, 11, 28, 30, 0]], [[0, 24, 20, 3, 27, 18, 2, 21, 22, 29, 4, 13, 9, 8, 19, 25, 6, 15, 30, 0]], [[0, 1, 10, 7, 28, 11, 12, 27, 9, 8, 14, 16, 19, 17, 30, 0]], [[0, 24, 1, 26, 20, 5, 18, 2, 21, 29, 4, 13, 9, 8, 19, 25, 6, 15, 30, 0]], [[0, 24, 3, 11, 28, 10, 23, 16, 25, 19, 27, 30, 0]], []];88958
abs5n30,dat;29;8;1;910;10;3600,01;11183,335;19,58%;309;8093,34;[[3,18], [3,65], [3,71], [3,79], [3,61], [3,94], [0], [0]];78,34%;2,86;[[[0, 1, 26, 24, 11, 3, 21, 4, 29, 2, 19, 25, 30, 0]], [[0, 11, 28, 10, 7, 23, 16, 14, 8, 9, 2, 18, 27, 12, 30, 0]], [[0, 24, 1, 26, 20, 3, 5, 21, 22, 4, 13, 29, 2, 19, 25, 6, 17, 15, 30, 0]], [[0, 24, 11, 28, 10, 23, 16, 14, 8, 9, 2, 18, 27, 12, 30, 0]], [[0, 1, 26, 20, 5, 21, 22, 4, 29, 2, 27, 19, 25, 6, 17, 30, 0]], [[0, 24, 10, 7, 28, 11, 12, 27, 18, 2, 9, 14, 16, 25, 19, 15, 30, 0]], [], []];96537
abs5n30,dat;29;8;2;455;50;3600;11649,987;8,58%;16;10849,99;[[3,68, 0], [0, 3,8], [1,71, 2,98], [1,43, 3,75], [3,7, 0], [2,37, 3,65], [1,66, 0], [0, 0]];68,63%;3,69;[[[0, 24, 1, 26, 20, 3, 11, 28, 12, 18, 21, 4, 29, 2, 9, 19, 25, 30, 0]], [[0, 11, 10, 7, 23, 25, 19, 16, 14, 8, 9, 2, 18, 27, 30, 0]], [[0, 24, 11, 28, 17, 6, 25, 19, 15, 30, 0], [0, 1, 26, 5, 21, 22, 4, 13, 29, 2, 27, 12, 30, 0]], [[0, 24, 1, 20, 3, 11, 28, 30, 0], [0, 10, 23, 16, 14, 8, 9, 2, 29, 21, 18, 27, 30, 0]], [[0, 1, 20, 27, 2, 29, 4, 13, 9, 8, 19, 25, 6, 17, 15, 30, 0]], [[0, 24, 26, 1, 10, 7, 28, 11, 12, 27, 30, 0], [0, 5, 18, 21, 22, 4, 29, 2, 9, 8, 14, 16, 25, 19, 30, 0]], [[0, 24, 3, 27, 19, 25, 15, 30, 0]], []];27123
abs5n30,dat;29;8;2;455;30;3600;11212,882;9,94%;24;10492,88;[[1,48, 0], [3,08, 3,05], [0, 2,8], [3,06, 2,6], [3,62, 1,53], [0, 3,63], [3,02, 0], [0, 0]];75,01%;3,41;[[[0, 24, 1, 26, 3, 11, 28, 30, 0]], [[0, 3, 21, 29, 4, 13, 8, 9, 2, 18, 27, 12, 30, 0], [0, 11, 28, 10, 7, 23, 16, 14, 19, 25, 6, 17, 30, 0]], [[0, 24, 1, 26, 20, 5, 22, 4, 2, 27, 15, 30, 0]], [[0, 24, 11, 28, 21, 29, 8, 9, 2, 18, 27, 12, 30, 0], [0, 10, 23, 16, 19, 25, 6, 17, 30, 0]], [[0, 12, 27, 2, 21, 22, 29, 4, 13, 9, 8, 14, 19, 25, 6, 17, 30, 0], [0, 24, 1, 26, 20, 3, 30, 0]], [[0, 10, 7, 28, 11, 5, 27, 9, 8, 16, 25, 19, 15, 30, 0]], [[0, 24, 1, 26, 21, 4, 29, 2, 18, 27, 19, 25, 30, 0]], []];29081
abs5n30,dat;29;8;2;455;10;3600,01;10502,279;16,27%;82;9682,28;[[0,9, 0], [3,47, 3,29], [2,56, 0], [2,95, 3,6], [0, 2,93], [3,4, 3,94], [0, 0], [0, 0]];79,87%;3,03;[[[0, 24, 11, 28, 30, 0]], [[0, 11, 28, 10, 7, 23, 16, 14, 8, 19, 25, 17, 30, 0], [0, 1, 26, 22, 4, 29, 21, 2, 9, 27, 12, 30, 0]], [[0, 24, 20, 3, 5, 18, 2, 9, 19, 25, 6, 15, 30, 0]], [[0, 24, 26, 1, 10, 23, 28, 11, 12, 27, 30, 0], [0, 21, 22, 29, 4, 13, 9, 8, 14, 16, 30, 0]], [[0, 24, 20, 3, 12, 27, 18, 2, 9, 19, 25, 6, 17, 30, 0]], [[0, 24, 1, 26, 22, 4, 13, 29, 21, 5, 11, 28, 30, 0], [0, 10, 7, 15, 19, 25, 16, 14, 8, 9, 2, 18, 27, 30, 0]], [], []];30305
